,x,y,command
0,377.1540180066697,505.1475248911469,0
1,378.6868126457197,509.9067832991869,0
2,380.2196072847698,514.6660417072269,0
3,380.9007630515667,516.7809997242528,0
4,381.25436424004675,517.7159506020535,0
5,381.6995382359595,518.6109294050192,0
6,382.2318370078927,519.4569938007913,0
7,382.84594200247176,520.245690193599,0
8,383.535717285587,520.9691381897937,0
9,384.29427085061894,521.6201093361376,0
10,385.11402348109016,522.1920993441188,1
11,385.9867844796913,522.6793930786522,1
12,386.9038335070207,523.0771216618206,1
13,387.8560077123334,523.3813111210922,1
14,388.83379328571687,523.5889220959417,1
15,389.8274205169348,523.6978802061357,1
16,390.82696141114235,523.7070967782536,1
17,391.82242888612893,523.6164797233536,1
18,392.8038765599422,523.4269344570941,1
19,393.7614981318489,523.1403548531205,1
20,394.6857253636502,522.7596043201047,0
21,395.5673236823548,522.2884871915135,0
22,396.39748444897987,521.731710713965,0
23,397.16791297156,521.094838013977,0
24,397.8709113829673,520.3842325130458,0
25,398.49945555545537,519.6069943464418,0
26,399.0472652834219,518.7708894210047,0
27,399.50888013650274,517.8842778484792,0
28,399.90265497378687,516.9653923151418,0
29,400.20608995906866,516.0129774086531,0
30,400.4129261991351,515.0350276583131,1
31,400.53432211304624,513.180284087075,1
32,399.0015274739962,508.42102567903504,1
33,397.46873283494614,503.661767270995,1
34,395.93593819589614,498.9025088629551,1
35,394.4031435568461,494.14325045491506,1
36,392.87034891779604,489.38399204687505,1
37,391.337554278746,484.62473363883504,1
38,389.80475963969593,479.865475230795,1
39,388.27196500064593,475.1062168227551,1
40,386.7391703615959,470.346958414715,0
41,385.20637572254583,465.58770000667505,0
42,383.6735810834958,460.82844159863504,0
43,382.1407864444457,456.069183190595,0
44,380.6079918053957,451.309924782555,0
45,379.0751971663457,446.550666374515,0
46,377.5424025272956,441.79140796647505,0
47,376.00960788824557,437.03214955843504,0
48,374.4768132491955,432.272891150395,0
49,372.9440186101455,427.513632742355,0
50,371.41122397109547,422.754374334315,1
51,369.8784293320454,417.995115926275,1
52,368.34563469299536,413.235857518235,1
53,366.8128400539453,408.476599110195,1
54,365.2800454148953,403.717340702155,1
55,363.74725077584526,398.958082294115,1
56,362.2144561367952,394.198823886075,1
57,360.68166149774515,389.439565478035,1
58,359.1488668586951,384.68030706999497,1
59,357.6160722196451,379.921048661955,1
60,357.0004874055637,378.0096855036821,0
61,356.69316805273513,377.0580790652494,0
62,356.38584563764874,376.1064736148733,0
63,356.0785232225623,375.15486816449726,0
64,355.7712008074759,374.2032627141212,0
65,355.46387839238946,373.2516572637451,0
66,355.15655597730307,372.300051813369,0
67,354.8492335622166,371.34844636299295,0
68,354.54191114713024,370.3968409126169,0
69,354.2345887320438,369.4452354622408,0
70,353.9272663169574,368.49363001186475,1
71,353.61994390187095,367.54202456148863,1
72,353.31262148678456,366.59041911111257,1
73,353.0052990716981,365.6388136607365,1
74,352.69797665661173,364.68720821036044,1
75,352.3906542415253,363.7356027599844,1
76,352.0833318264389,362.78399730960825,1
77,351.77600941135245,361.8323918592322,1
78,351.46868699626606,360.8807864088561,1
79,351.1613645811796,359.92918095848006,1
80,350.8540421660932,358.977575508104,0
81,350.5467197510068,358.02597005772793,0
82,350.2393973359204,357.0743646073518,0
83,349.93207492083394,356.12275915697575,0
84,349.62475250574755,355.1711537065997,0
85,349.3174300906611,354.2195482562236,0
86,349.0101076755747,353.26794280584755,0
87,348.70278526048827,352.31633735547143,0
88,348.3954628454019,351.36473190509537,0
89,348.08814043031543,350.4131264547193,0
90,347.78081801522904,349.46152100434324,1
91,347.4734956001426,348.5099155539672,1
92,347.1661731850562,347.5583101035911,1
93,346.85885076996976,346.60670465321505,1
94,346.5515283548834,345.6550992028389,1
95,346.2442059397969,344.70349375246286,1
96,345.93688352471054,343.7518883020868,1
97,345.6295611096241,342.80028285171073,1
98,345.3222386945377,341.84867740133467,1
99,345.01491627945126,340.89707195095855,1
100,344.70759386436487,339.9454665005825,0
101,344.4002714492784,338.9938610502064,0
102,344.09294903419203,338.04225559983036,0
103,343.7856266191056,337.0906501494543,0
104,343.4783042040192,336.1390446990782,0
105,343.17098178893275,335.1874392487021,0
106,342.86365937384636,334.23583379832604,0
107,342.5563369587599,333.28422834795,0
108,342.2490145436735,332.3326228975739,0
109,341.9416921285871,331.3810174471978,0
110,341.6343697135007,330.4294119968217,1
111,341.32704729841424,329.47780654644566,1
112,341.01972488332785,328.5262010960696,1
113,340.7124024682414,327.57459564569353,1
114,340.405080053155,326.62299019531747,1
115,340.0977576380686,325.6713847449414,1
116,339.7904352229822,324.71977929456534,1
117,339.48311280789574,323.7681738441892,1
118,339.17579039280935,322.81656839381316,1
119,338.8684679777229,321.8649629434371,1
120,338.5611455626365,320.913357493061,0
121,338.25382314755007,319.9617520426849,0
122,337.9465007324637,319.01014659230884,0
123,337.63917831737723,318.0585411419328,0
124,337.33185590229084,317.1069356915567,0
125,337.0245334872044,316.15533024118065,0
126,336.717211072118,315.2037247908046,0
127,336.40988865703156,314.25211934042846,0
128,336.10256624194517,313.3005138900524,0
129,335.7952438268587,312.34890843967634,0
130,335.48792141177233,311.3973029893003,1
131,335.1805989966859,310.44569753892415,1
132,334.8732765815995,309.4940920885481,1
133,334.56595416651305,308.542486638172,1
134,334.25863175142666,307.59088118779596,1
135,333.9513093363402,306.6392757374199,1
136,333.6439869212538,305.68767028704383,1
137,333.3366645061674,304.73606483666777,1
138,333.029342091081,303.78445938629164,1
139,332.72201967599455,302.8328539359156,1
140,332.41469726090816,301.8812484855395,0
141,332.1073748458217,300.92964303516345,0
142,331.8000524307353,299.9780375847874,0
143,331.4927300156489,299.02643213441127,0
144,331.1854076005625,298.0748266840352,0
145,330.87808518547604,297.12322123365914,0
146,330.57076277038965,296.1716157832831,0
147,330.2634403553032,295.220010332907,0
148,329.9561179402168,294.26840488253094,0
149,329.64879552513037,293.3167994321549,0
150,329.341473110044,292.36519398177876,1
151,329.03415069495753,291.4135885314027,1
152,328.72682827987114,290.46198308102663,1
153,328.4195058647847,289.51037763065057,1
154,328.1121834496983,288.55877218027445,1
155,327.80486103461186,287.6071667298984,1
156,327.49753861952547,286.6555612795223,1
157,327.190216204439,285.70395582914625,1
158,326.88289378935264,284.7523503787702,1
159,326.5755713742662,283.8007449283941,1
160,326.2682489591798,282.84913947801806,0
161,325.96092654409335,281.89753402764194,0
162,325.65360412900696,280.94592857726593,0
163,325.3462817139205,279.9943231268898,0
164,325.03895929883413,279.0427176765137,0
165,324.7316368837477,278.0911122261376,0
166,324.4243144686613,277.13950677576156,0
167,324.11699205357485,276.1879013253855,0
168,323.80966963848846,275.23629587500943,0
169,323.502347223402,274.28469042463337,0
170,323.1950248083156,273.3330849742573,1
171,322.8877023932292,272.3814795238812,1
172,322.5803799781428,271.4298740735052,1
173,322.27305756305634,270.47826862312905,1
174,321.9657351479699,269.526663172753,1
175,321.6584127328835,268.5750577223769,1
176,321.3510903177971,267.6234522720008,1
177,321.04376790271067,266.6718468216248,1
178,320.7364454876243,265.7202413712487,1
179,320.42912307253783,264.7686359208726,1
180,320.12180065745144,263.81703047049655,0
181,319.814478242365,262.8654250201204,0
182,319.5071558272786,261.9138195697444,0
183,319.19983341219216,260.96221411936835,0
184,318.8925109971058,260.01060866899223,0
185,318.5851885820193,259.05900321861617,0
186,318.27786616693294,258.10739776824005,0
187,317.9705437518465,257.15579231786404,0
188,317.6632213367601,256.2041868674879,0
189,317.36243066958434,255.2505605421742,0
190,317.1390291691109,254.27626145360796,1
191,317.01401135245806,253.28452686718163,1
192,316.9886263563242,252.28526586705897,1
193,317.0631278191996,251.28846273884145,1
194,317.23677134709413,250.30407720988686,1
195,317.507821951276,249.34194493500598,1
196,317.87357138370567,248.4116792218507,1
197,318.3303651969549,247.522574977922,1
198,318.87363925823774,246.68351583892635,1
199,319.4979653527164,245.90288540642456,1
200,320.1971054204295,245.18848348165608,0
201,320.96407388492554,244.5474481325033,0
202,321.79120745083327,243.98618437227682,0
203,322.67024167297626,243.5103001629397,0
204,323.5923935319768,243.12455038220529,0
205,324.5484491912827,242.83278931437067,0
206,325.52885605877617,242.63793213958232,0
207,326.52381823311663,242.5419258063195,0
208,327.5233943811488,242.5457295781287,0
209,328.51759706841756,242.6493054489793,0
210,329.49649255031136,242.8516185230075,1
211,330.45030002675503,243.1506473548533,1
212,331.3694893687306,243.5434041472748,1
213,332.2448763401769,244.0259646042302,1
214,333.06771436383957,244.5935071411469,1
215,333.82978191418016,245.2403610606006,1
216,334.5234646641419,245.96006321204968,1
217,335.1418315649881,246.74542256949866,1
218,335.67870409905044,247.58859208185328,1
219,336.128718013435,248.4811470780609,1
220,336.48737691786414,249.41416944363874,0
221,336.8469568044577,250.87184611621728,0
222,338.37975144350776,255.6311045242573,0
223,339.9125460825578,260.3903629322973,0
224,341.4453407216078,265.14962134033726,0
225,342.97813536065786,269.9088797483773,0
226,344.5109299997079,274.6681381564173,0
227,346.04372463875796,279.4273965644573,0
228,347.576519277808,284.1866549724973,0
229,349.10931391685807,288.9459133805373,0
230,350.64210855590807,293.70517178857733,1
231,352.1749031949581,298.4644301966173,1
232,353.7076978340082,303.2236886046573,1
233,355.2404924730582,307.9829470126973,1
234,356.7732871121083,312.7422054207373,1
235,358.30608175115833,317.50146382877733,1
236,359.8388763902083,322.2607222368173,1
237,361.3716710292584,327.0199806448573,1
238,362.90446566830843,331.7792390528973,1
239,364.4372603073585,336.5384974609373,1
240,365.97005494640854,341.29775586897733,0
241,367.5028495854586,346.05701427701734,0
242,369.0356442245086,350.81627268505736,0
243,370.56843886355864,355.5755310930973,0
244,372.1012335026087,360.3347895011373,0
245,373.63402814165875,365.09404790917733,0
246,375.1668227807088,369.85330631721735,0
247,376.69961741975885,374.61256472525736,0
248,378.23241205880885,379.3718231332973,0
249,379.7652066978589,384.1310815413374,0
250,381.29800133690895,388.89033994937733,1
251,382.830795975959,393.64959835741735,1
252,384.36359061500906,398.40885676545736,1
253,385.89638525405906,403.1681151734973,1
254,387.4291798931091,407.9273735815374,1
255,388.96197453215916,412.68663198957734,1
256,390.4947691712092,417.44589039761735,1
257,392.02756381025927,422.20514880565736,1
258,393.5603584493093,426.9644072136973,1
259,395.0931530883593,431.7236656217374,1
260,396.62594772740937,436.48292402977734,0
261,398.1587423664594,441.2421824378174,0
262,399.6915370055095,446.00144084585736,0
263,401.2243316445595,450.76069925389737,0
264,402.7571262836095,455.5199576619374,0
265,404.2899209226596,460.27921606997734,0
266,405.82271556170963,465.0384744780174,0
267,407.3555102007597,469.79773288605736,0
268,408.88830483980973,474.55699129409743,0
269,410.4210994788598,479.3162497021374,0
270,411.95389411790984,484.07550811017734,1
271,413.48668875695984,488.8347665182174,1
272,415.0194833960099,493.59402492625736,1
273,416.55227803505994,498.35328333429743,1
274,418.08507267411,503.1125417423374,1
275,419.61786731316,507.8718001503774,1
276,420.1678811745258,509.57956844989724,1
277,420.42637648938296,510.5451496824156,1
278,420.60415930153215,511.5290952753789,1
279,420.84610226356364,512.4989563724017,1
280,421.18366106553333,513.4398182111472,0
281,421.61346293147403,514.3422800111304,0
282,422.13121342321483,515.1973246723597,0
283,422.73173934898784,515.9964088712208,0
284,423.4090404522502,516.7315484225404,0
285,424.15634936426414,517.3953980549267,0
286,424.96619922140826,517.9813248022923,0
287,425.83049827161074,518.4834742782593,0
288,426.74061072446125,518.8968291712524,0
289,427.6874430371741,519.2172593758177,0
290,428.6615347742618,519.4415632592711,1
291,429.65315313307923,519.5674996513545,1
292,430.65239019077063,519.5938102372671,1
293,431.6492619009594,519.5202321303317,1
294,432.63380785103925,519.3475004986709,1
295,433.59619078332463,519.0773412196509,1
296,434.52679488567765,518.7124536354847,1
297,435.41632186952444,518.2564835822977,1
298,436.25588387528086,517.7139869621377,1
299,437.0370922769078,517.0903842219077,1
300,437.75214149828923,516.3919061940525,0
301,438.3938870039691,515.6255318401401,0
302,438.9559166849874,514.7989185193852,0
303,439.4326149265538,513.920325478847,0
304,439.81921871741395,512.9985313297619,0
305,440.1118652402839,512.0427463345633,0
306,440.3076304678432,511.06252038098233,0
307,440.40455837864937,510.06764756272787,0
308,440.40168050105785,509.0680683201386,0
309,440.29902558987015,508.07377011858944,0
310,440.09761933902575,507.094687657039,1
311,439.8014402360054,505.97885281271954,1
312,438.26864559695537,501.21959440467947,1
313,436.7358509579053,496.4603359966395,1
314,435.20305631885526,491.70107758859945,1
315,433.67026167980526,486.9418191805595,1
316,432.1374670407552,482.18256077251954,1
317,430.60467240170516,477.42330236447947,1
318,429.0718777626551,472.6640439564395,1
319,427.5390831236051,467.90478554839945,1
320,426.00628848455506,463.1455271403595,0
321,424.473493845505,458.38626873231954,0
322,422.94069920645495,453.62701032427947,0
323,421.4079045674049,448.8677519162395,0
324,419.87510992835485,444.10849350819944,0
325,418.3423152893048,439.3492351001595,0
326,416.8095206502548,434.5899766921194,0
327,415.27672601120474,429.83071828407947,0
328,413.7439313721547,425.0714598760395,0
329,412.21113673310464,420.31220146799944,0
330,410.67834209405464,415.5529430599595,1
331,409.1455474550046,410.7936846519194,1
332,407.61275281595454,406.03442624387947,1
333,406.0799581769045,401.2751678358395,1
334,404.54716353785443,396.51590942779944,1
335,403.0143688988044,391.7566510197595,1
336,401.4815742597543,386.9973926117194,1
337,399.94877962070433,382.23813420367946,1
338,398.4159849816543,377.4788757956395,1
339,396.8831903426042,372.7196173875995,1
340,395.3503957035542,367.9603589795595,0
341,393.8176010645042,363.2011005715195,0
342,392.2848064254541,358.44184216347946,0
343,390.75201178640407,353.6825837554395,0
344,389.219217147354,348.92332534739944,0
345,387.68642250830396,344.1640669393595,0
346,386.1536278692539,339.4048085313195,0
347,384.6208332302039,334.64555012327946,0
348,383.08803859115386,329.8862917152395,0
349,381.5552439521038,325.12703330719944,0
350,380.02244931305376,320.3677748991595,1
351,378.4896546740037,315.6085164911195,1
352,376.9568600349537,310.84925808307946,1
353,375.42406539590365,306.08999967503945,1
354,373.8912707568536,301.33074126699944,1
355,372.35847611780355,296.5714828589595,1
356,370.8256814787535,291.8122244509194,1
357,369.29288683970344,287.05296604287946,1
358,367.76009220065345,282.29370763483945,1
359,366.2272975616034,277.53444922679944,1
360,364.69450292255334,272.7751908187594,0
361,363.1617082835033,268.0159324107194,0
362,361.62891364445323,263.25667400267946,0
363,360.09611900540324,258.4974155946394,0
364,358.5633243663532,253.73815718659944,0
365,357.03052972730313,248.97889877855943,0
366,355.4977350882531,244.21964037051941,0
367,353.964940449203,239.46038196247943,0
368,352.432145810153,234.70112355443942,0
369,350.899351171103,229.94186514639944,0
370,349.3665565320529,225.18260673835942,1
371,347.8337618930029,220.4233483303194,1
372,346.3009672539528,215.66408992227943,1
373,344.76817261490277,210.90483151423942,1
374,343.23537797585277,206.14557310619944,1
375,341.7025833368027,201.38631469815942,1
376,340.16978869775267,196.6270562901194,1
377,338.6369940587026,191.8677978820794,1
378,337.10419941965256,187.10853947403942,1
379,335.5714047806025,182.3492810659994,1
380,334.0386101415525,177.59002265795942,0
381,332.50581550250246,172.8307642499194,0
382,330.9730208634524,168.0715058418794,0
383,329.44022622440235,163.3122474338394,0
384,327.9074315853523,158.5529890257994,0
385,326.3746369463023,153.7937306177594,0
386,324.84184230725225,149.0344722097194,0
387,323.3090476682022,144.2752138016794,0
388,321.77625302915214,139.5159553936394,0
389,320.2434583901021,134.7566969855994,0
390,318.71066375105204,129.9974385775594,1
391,317.17786911200204,125.2381801695194,1
392,316.6934262033517,123.73400672875218,1
393,316.3828533531216,122.78345728451666,1
394,316.07219205824805,121.8329366062211,1
395,315.7615307633745,120.88241592792552,1
396,315.4508694685009,119.93189524962995,1
397,315.14020817362734,118.98137457133438,1
398,314.8295468787537,118.03085389303881,1
399,314.51888558388015,117.08033321474325,1
400,314.2082242890066,116.12981253644767,0
401,313.897562994133,115.1792918581521,0
402,313.58690169925944,114.22877117985654,0
403,313.2762404043858,113.27825050156096,0
404,312.96557910951225,112.3277298232654,0
405,312.6549178146387,111.37720914496983,0
406,312.3442565197651,110.42668846667425,0
407,312.03359522489154,109.47616778837869,0
408,311.7229339300179,108.52564711008311,0
409,311.41227263514435,107.57512643178754,0
410,311.1016113402708,106.62460575349198,1
411,310.7909500453972,105.6740850751964,1
412,310.48028875052364,104.72356439690083,1
413,310.16962745565,103.77304371860527,1
414,309.85896616077645,102.82252304030969,1
415,309.5483048659029,101.87200236201411,1
416,309.2376435710293,100.92148168371855,1
417,308.92698227615574,99.97096100542298,1
418,308.6163209812821,99.0204403271274,1
419,308.30565968640855,98.06991964883184,1
420,307.994998391535,97.11939897053627,0
421,307.6843370966614,96.16887829224069,0
422,307.37367580178784,95.21835761394513,0
423,307.06301450691427,94.26783693564956,0
424,306.75235321204065,93.31731625735398,0
425,306.4416919171671,92.36679557905842,0
426,306.1310306222935,91.41627490076286,0
427,305.82036932741994,90.46575422246728,0
428,305.50970803254637,89.5152335441717,0
429,305.19904673767275,88.56471286587613,0
430,304.8883854427992,87.61419218758057,1
431,304.5777241479256,86.663671509285,1
432,304.26706285305204,85.71315083098943,1
433,303.95640155817847,84.76263015269387,1
434,303.64574026330484,83.81210947439828,1
435,303.3350789684313,82.86158879610272,1
436,303.0244176735577,81.91106811780715,1
437,302.71375637868414,80.96054743951157,1
438,302.40309508381057,80.01002676121601,1
439,302.09243378893694,79.05950608292044,1
440,301.82907703455265,78.09523930114703,0
441,301.66329942703084,77.10949860033408,0
442,301.5967598791268,76.1121323521787,0
443,301.63012323200815,75.11310591054695,0
444,301.76305613008134,74.12240121740945,0
445,301.9942303517706,73.14991706657653,0
446,302.3213360806689,72.20537019822284,0
447,302.7411049844598,71.29819821243126,0
448,303.24934287101377,70.43746527181266,0
449,303.8409715953695,69.63177153538916,0
450,304.51007979887976,68.88916722864823,1
451,305.2499819735527,68.21707220835043,1
452,306.0532852614382,67.62220182577354,1
453,306.9119633216205,67.11049982914223,1
454,307.8174365267634,66.68707897566065,1
455,308.7606576879108,66.35616994653248,1
456,309.73220245100805,66.1210790753928,1
457,310.72236346193216,65.98415531251528,1
458,311.7212473591658,65.94676675487766,1
459,312.71887362499484,66.00928697658881,1
460,313.7052743075426,66.17109129625985,0
461,314.67059361724966,66.43056301861401,0
462,315.6051864026657,66.78510958797148,0
463,316.49971452161407,67.23118849220876,0
464,317.34524014482196,67.76434265836879,0
465,318.13331505975583,68.37924498626063,0
466,318.8560650823687,69.06975157508367,0
467,319.50626873334386,69.82896311125353,0
468,320.0774293927296,70.64929380406275,0
469,320.56384021201796,71.52254718039407,0
470,321.2077592483215,73.18877438402225,1
471,322.74055388737156,77.94803279206225,1
472,324.2733485264216,82.70729120010226,1
473,325.8061431654716,87.46654960814226,1
474,327.33893780452166,92.22580801618226,1
475,328.8717324435717,96.98506642422225,1
476,330.40452708262177,101.74432483226227,1
477,331.9373217216718,106.50358324030226,1
478,333.4701163607218,111.26284164834226,1
479,335.00291099977187,116.02210005638227,1
480,336.5357056388219,120.78135846442227,0
481,338.068500277872,125.54061687246227,0
482,339.60129491692203,130.29987528050228,0
483,341.1340895559721,135.05913368854226,0
484,342.6668841950221,139.81839209658227,0
485,344.19967883407213,144.57765050462228,0
486,345.7324734731222,149.3369089126623,0
487,347.26526811217224,154.09616732070228,0
488,348.7980627512223,158.8554257287423,0
489,350.3308573902723,163.61468413678227,0
490,351.86365202932234,168.37394254482228,1
491,353.3964466683724,173.1332009528623,1
492,354.92924130742244,177.8924593609023,1
493,356.4620359464725,182.65171776894226,1
494,357.99483058552255,187.41097617698227,1
495,359.52762522457255,192.17023458502229,1
496,361.0604198636226,196.9294929930623,1
497,362.59321450267265,201.68875140110228,1
498,364.1260091417227,206.4480098091423,1
499,365.65880378077276,211.2072682171823,1
500,367.19159841982275,215.96652662522231,0
501,368.7243930588728,220.7257850332623,0
502,370.25718769792286,225.4850434413023,0
503,371.7899823369729,230.24430184934232,0
504,373.32277697602296,235.0035602573823,0
505,374.855571615073,239.76281866542232,0
506,376.388366254123,244.52207707346233,0
507,377.92116089317307,249.2813354815023,0
508,379.4539555322231,254.04059388954232,0
509,380.9867501712732,258.79985229758233,0
510,382.51954481032317,263.5591107056223,1
511,384.0523394493732,268.31836911366236,1
512,385.5851340884233,273.0776275217023,1
513,387.1179287274733,277.8368859297423,1
514,388.6507233665234,282.59614433778233,1
515,390.18351800557343,287.3554027458223,1
516,391.71631264462343,292.1146611538623,1
517,393.2491072836735,296.8739195619023,1
518,394.78190192272353,301.6331779699423,1
519,396.3146965617736,306.39243637798234,1
520,397.84749120082364,311.15169478602235,0
521,399.38028583987364,315.91095319406236,0
522,400.9130804789237,320.6702116021023,0
523,402.44587511797374,325.4294700101424,0
524,403.9786697570238,330.18872841818234,0
525,405.51146439607385,334.9479868262223,0
526,407.0442590351239,339.70724523426236,0
527,408.57705367417395,344.4665036423023,0
528,410.10984831322395,349.2257620503424,0
529,411.642642952274,353.98502045838234,0
530,413.17543759132406,358.7442788664224,1
531,414.70823223037405,363.50353727446236,1
532,416.2410268694241,368.2627956825023,1
533,417.77382150847416,373.0220540905424,1
534,419.3066161475242,377.78131249858234,1
535,420.83941078657426,382.5405709066223,1
536,422.3722054256243,387.29982931466236,1
537,423.90500006467437,392.0590877227023,1
538,425.43779470372436,396.8183461307424,1
539,426.9705893427744,401.57760453878234,1
540,428.50338398182447,406.3368629468224,0
541,430.0361786208745,411.09612135486236,0
542,431.5689732599246,415.85537976290243,0
543,433.1017678989746,420.6146381709424,0
544,434.6345625380246,425.37389657898234,0
545,436.1673571770747,430.1331549870223,0
546,437.70015181612473,434.89241339506236,0
547,439.2329464551748,439.6516718031023,0
548,440.7657410942248,444.4109302111424,0
549,442.29853573327483,449.17018861918234,0
550,443.8313303723249,453.9294470272224,1
551,445.36412501137494,458.68870543526236,1
552,446.896919650425,463.44796384330243,1
553,448.429714289475,468.2072222513424,1
554,449.96250892852504,472.96648065938234,1
555,451.4953035675751,477.7257390674224,1
556,453.02809820662515,482.48499747546236,1
557,454.5608928456752,487.2442558835023,1
558,456.09368748472525,492.0035142915424,1
559,457.6264821237753,496.76277269958234,1
560,459.1592767628253,501.5220311076224,0
561,459.434999297485,502.3781371755418,0
562,459.69349461234214,503.34371840806017,0
563,459.8855868796169,504.32497898608557,0
564,460.1563018522974,505.2872057514384,0
565,460.5217267632919,506.21759899024636,0
566,460.97821040768304,507.10686252081433,0
567,461.52119175178956,507.9461111158964,0
568,462.14524550550686,508.7269592809491,0
569,462.8441363300126,509.4416050392213,0
570,463.6108811392109,510.082907886527,1
571,464.4378188724204,510.64446013680225,1
572,465.31668704116004,511.12065094558693,1
573,466.2387042852031,511.50672237172734,1
574,467.1946581130254,511.7988169171518,1
575,468.1749969499757,511.994016069716,1
576,469.1699255744521,512.0903694640118,1
577,470.16950298851856,512.0869143687736,1
578,471.16374174507,511.9836853061709,1
579,472.1427077391027,511.7817137068742,1
580,473.0966194660074,511.48301760434083,0
581,474.01594575513,511.09058147129144,0
582,474.8915010020787,510.6083263998453,0
583,475.71453694824595,510.04107092326404,0
584,476.4768300905171,509.3944828707598,0
585,477.17076384779534,508.6750227364198,0
586,477.78940466336184,507.8898791280843,0
587,478.32657128268295,507.0468969411539,0
588,478.77689651446207,506.1544989749875,0
589,479.135880857841,505.2216017750755,0
590,479.39993745992524,504.25752654186465,1
591,479.56642795443213,503.2719059964042,1
592,479.63368882337505,502.27458813338166,1
593,479.6010480183851,501.27553782321485,1
594,479.46883167559594,500.28473724636075,1
595,479.06855835896454,498.777421538364,1
596,477.5357637199145,494.018163130324,1
597,476.00296908086443,489.258904722284,1
598,474.4701744418144,484.499646314244,1
599,472.9373798027644,479.74038790620403,1
600,471.40458516371433,474.981129498164,0
601,469.8717905246643,470.221871090124,0
602,468.3389958856142,465.462612682084,0
603,466.8062012465642,460.70335427404405,0
604,465.2734066075142,455.944095866004,0
605,463.7406119684641,451.184837457964,0
606,462.20781732941407,446.425579049924,0
607,460.675022690364,441.666320641884,0
608,459.14222805131396,436.907062233844,0
609,457.6094334122639,432.147803825804,0
610,456.0766387732139,427.388545417764,1
611,454.54384413416386,422.62928700972395,1
612,453.0110494951138,417.870028601684,1
613,451.47825485606376,413.110770193644,1
614,449.94546021701376,408.35151178560403,1
615,448.4126655779637,403.59225337756396,1
616,446.87987093891365,398.832994969524,1
617,445.3470762998636,394.073736561484,1
618,443.81428166081355,389.314478153444,1
619,442.2814870217635,384.555219745404,1
620,440.7486923827135,379.795961337364,0
621,439.21589774366345,375.036702929324,0
622,437.6831031046134,370.27744452128394,0
623,436.15030846556334,365.518186113244,0
624,434.6175138265133,360.758927705204,0
625,433.0847191874633,355.99966929716396,0
626,431.55192454841324,351.24041088912395,0
627,430.0191299093632,346.481152481084,0
628,428.48633527031313,341.721894073044,0
629,426.9535406312631,336.962635665004,0
630,425.420745992213,332.20337725696396,1
631,423.88795135316303,327.444118848924,1
632,422.355156714113,322.68486044088394,1
633,420.8223620750629,317.9256020328439,1
634,419.2895674360129,313.166343624804,1
635,417.7567727969628,308.4070852167639,1
636,416.2239781579128,303.64782680872395,1
637,414.6911835188628,298.88856840068394,1
638,413.1583888798127,294.1293099926439,1
639,411.62559424076267,289.3700515846039,1
640,410.0927996017126,284.61079317656396,0
641,408.56000496266256,279.85153476852395,0
642,407.0272103236125,275.09227636048394,0
643,405.4944156845625,270.3330179524439,0
644,403.96162104551246,265.5737595444039,0
645,402.4288264064624,260.8145011363639,0
646,400.89603176741235,256.05524272832395,0
647,399.36323712836236,251.29598432028394,0
648,397.8304424893123,246.53672591224392,0
649,396.29764785026225,241.7774675042039,0
650,394.7648532112122,237.0182090961639,1
651,393.23205857216215,232.25895068812395,1
652,391.6992639331121,227.49969228008388,1
653,390.16646929406204,222.74043387204392,1
654,388.63367465501204,217.9811754640039,1
655,387.100880015962,213.2219170559639,1
656,385.56808537691194,208.4626586479239,1
657,384.0352907378619,203.70340023988393,1
658,382.5024960988119,198.94414183184392,1
659,380.96970145976184,194.1848834238039,1
660,379.4369068207118,189.4256250157639,0
661,377.90411218166173,184.6663666077239,0
662,376.3713175426117,179.9071081996839,0
663,374.8385229035616,175.1478497916439,0
664,373.30572826451163,170.3885913836039,0
665,371.7729336254616,165.6293329755639,0
666,370.2401389864115,160.8700745675239,0
667,368.70734434736147,156.1108161594839,0
668,367.1745497083114,151.3515577514439,0
669,365.6417550692614,146.59229934340388,0
670,364.10896043021137,141.8330409353639,1
671,362.5761657911613,137.07378252732389,1
672,361.04337115211126,132.31452411928387,1
673,359.5105765130612,127.55526571124389,1
674,357.97778187401116,122.79600730320388,1
675,356.44498723496116,118.03674889516388,1
676,354.9121925959111,113.27749048712388,1
677,353.37939795686106,108.51823207908387,1
678,351.846603317811,103.75897367104388,1
679,350.31380867876095,98.99971526300388,1
680,348.78101403971095,94.24045685496387,0
681,347.2482194006609,89.48119844692387,0
682,345.71542476161085,84.72194003888387,0
683,344.1826301225608,79.96268163084386,0
684,342.64983548351074,75.20342322280386,0
685,341.1170408444607,70.44416481476387,0
686,341.02730240481685,70.16553099616952,0
687,340.7688070899597,69.19994976365112,0
688,340.60800044846434,68.21338594491164,0
689,340.54648920713703,67.21569695951328,0
690,340.5848879659681,66.216851386006,1
691,340.7228130572524,65.22682935918584,1
692,340.9588863790696,64.25552285188704,1
693,341.29074916482375,63.31263683765925,1
694,341.7150855512587,62.407592321879974,1
695,342.2276557094683,61.549432210182935,1
696,342.82333820786477,60.7467309547342,1
697,343.49618118383063,60.00750888114044,1
698,344.23946181276233,59.33915205200667,1
699,345.0457534803115,58.74833846784022,1
700,345.9069999866606,58.240971342677064,0
701,346.8145960414084,57.82212012111856,0
702,347.7594732447873,57.49596982611672,0
703,348.7321906961159,57.265779243608236,0
704,349.72302932415823,57.133848361802656,0
705,350.72208899687064,57.10149539046043,0
706,351.7193874402485,57.16904358977672,0
707,352.70495997790874,57.33581804047245,0
708,353.6689590948419,57.60015238736455,0
709,354.60175283052746,57.95940548903621,0
710,355.49402101829895,58.409987807248804,1
711,356.3368484093688,58.947397272421455,1
712,357.1218137510472,59.56626426682213,1
713,357.84107392911517,60.26040527601299,1
714,358.4874423336292,61.02288467248272,1
715,359.0544606651524,61.846084014143976,1
716,359.5364634639475,62.721778165288384,1
717,359.9286347173779,63.64121747942373,1
718,360.22705597991387,64.5952152228494,1
719,360.4512309690101,65.56972057748797,1
720,360.8468455613122,67.14228760831678,0
721,362.37964020036225,71.90154601635678,0
722,363.9124348394123,76.66080442439679,0
723,365.4452294784623,81.42006283243678,0
724,366.97802411751235,86.17932124047678,0
725,368.5108187565624,90.9385796485168,0
726,370.04361339561245,95.69783805655679,0
727,371.5764080346625,100.45709646459679,0
728,373.1092026737125,105.2163548726368,0
729,374.64199731276256,109.97561328067678,0
730,376.1747919518126,114.7348716887168,1
731,377.70758659086266,119.4941300967568,1
732,379.2403812299127,124.25338850479679,1
733,380.77317586896277,129.0126469128368,1
734,382.30597050801276,133.77190532087678,1
735,383.8387651470628,138.5311637289168,1
736,385.37155978611287,143.2904221369568,1
737,386.9043544251629,148.04968054499682,1
738,388.437149064213,152.8089389530368,1
739,389.96994370326297,157.5681973610768,1
740,391.502738342313,162.32745576911682,0
741,393.0355329813631,167.0867141771568,0
742,394.56832762041313,171.84597258519682,0
743,396.1011222594632,176.60523099323683,0
744,397.63391689851323,181.3644894012768,0
745,399.16671153756323,186.1237478093168,0
746,400.6995061766133,190.8830062173568,0
747,402.23230081566334,195.64226462539682,0
748,403.7650954547134,200.40152303343683,0
749,405.2978900937634,205.16078144147684,0
750,406.83068473281344,209.9200398495168,1
751,408.3634793718635,214.6792982575568,1
752,409.89627401091354,219.43855666559682,1
753,411.4290686499636,224.19781507363683,1
754,412.96186328901365,228.95707348167684,1
755,414.49465792806365,233.71633188971686,1
756,416.0274525671137,238.4755902977568,1
757,417.56024720616375,243.23484870579688,1
758,419.0930418452138,247.99410711383683,1
759,420.62583648426386,252.75336552187684,1
760,422.1586311233139,257.51262392991686,0
761,423.6914257623639,262.27188233795687,0
762,425.22422040141396,267.0311407459969,0
763,426.757015040464,271.7903991540369,0
764,428.28980967951406,276.54965756207685,0
765,429.8226043185641,281.30891597011686,0
766,431.3553989576141,286.06817437815687,0
767,432.88819359666417,290.8274327861969,0
768,434.4209882357142,295.58669119423683,0
769,435.9537828747643,300.3459496022769,0
770,437.48657751381427,305.10520801031686,1
771,439.0193721528643,309.86446641835687,1
772,440.5521667919144,314.6237248263969,1
773,442.0849614309644,319.3829832344369,1
774,443.6177560700145,324.1422416424769,1
775,445.15055070906453,328.9015000505169,1
776,446.6833453481146,333.66075845855687,1
777,448.21613998716464,338.4200168665969,1
778,449.74893462621463,343.1792752746369,1
779,451.2817292652647,347.9385336826769,1
780,452.81452390431474,352.69779209071686,0
781,454.3473185433648,357.4570504987569,0
782,455.8801131824148,362.2163089067969,0
783,457.41290782146484,366.9755673148369,0
784,458.9457024605149,371.7348257228769,0
785,460.47849709956495,376.4940841309169,0
786,462.011291738615,381.2533425389569,0
787,463.54408637766505,386.01260094699694,0
788,465.07688101671505,390.7718593550369,0
789,466.6096756557651,395.5311177630769,0
790,468.14247029481515,400.2903761711169,1
791,469.6752649338652,405.04963457915693,1
792,471.2080595729152,409.8088929871969,1
793,472.74085421196526,414.56815139523695,1
794,474.2736488510153,419.32740980327696,1
795,475.80644349006536,424.0866682113169,1
796,477.3392381291154,428.84592661935693,1
797,478.87203276816547,433.60518502739694,1
798,480.4048274072155,438.36444343543695,1
799,481.9376220462655,443.12370184347697,1
800,483.47041668531557,447.882960251517,0
801,485.0032113243656,452.64221865955693,0
802,486.5360059634157,457.40147706759694,0
803,488.06880060246567,462.16073547563695,0
804,489.6015952415157,466.91999388367697,0
805,491.1343898805658,471.6792522917169,0
806,492.66718451961583,476.438510699757,0
807,494.1999791586659,481.19776910779694,0
808,495.73277379771594,485.95702751583696,0
809,497.265568436766,490.71628592387697,0
810,498.7021174204441,495.1767059011863,1
811,498.96061273530125,496.1422871337047,1
812,499.1527050527045,497.1235477017728,1
813,499.4234201126857,498.0857744425643,1
814,499.7888451080926,499.0161676482181,1
815,500.24532883316454,499.90543113737033,1
816,500.7883102534141,500.7446796831889,1
817,501.412364077976,501.52552779162266,1
818,502.1112549673199,502.2401734864862,1
819,502.8779998347021,502.8814762642268,1
820,503.7049376188599,503.443028439476,0
821,504.58380583080327,503.919219168523,0
822,505.5058231098737,504.3052905110109,0
823,506.46177696419704,504.5973849697039,0
824,507.4421158188573,504.79258403332426,0
825,508.4370444520756,504.88893733735244,0
826,509.43662186582856,504.8854821514249,0
827,510.4308606130143,504.78225299861725,0
828,511.4098265887226,504.5802813105012,0
829,512.3637382885272,504.28158512142164,0
830,513.283064542045,503.8891489049639,1
831,514.1586197452399,503.40689375408067,1
832,514.9816556399413,502.83963820282725,1
833,515.743948723549,502.193050081162,1
834,516.4378824155523,501.4735898838629,1
835,517.0565231598846,500.6884462193996,1
836,517.5936897027239,499.84546398373334,1
837,518.0440148535378,498.95306597671,1
838,518.4029991122771,498.02016874422816,1
839,518.667055626893,497.0560934870601,1
840,518.8335460319769,496.07047292649435,0
841,518.9008068104355,495.0731550573694,0
842,518.8681659148039,494.07410475016394,0
843,518.7359494821218,493.0833041853056,0
844,518.3356764819237,491.57599026400857,0
845,516.8028818428736,486.81673185596856,0
846,515.2700872038236,482.05747344792854,0
847,513.7372925647735,477.2982150398886,0
848,512.2044979257234,472.5389566318486,0
849,510.67170328667345,467.77969822380857,0
850,509.1389086476234,463.02043981576855,1
851,507.6061140085734,458.2611814077286,1
852,506.07331936952335,453.5019229996886,1
853,504.5405247304733,448.7426645916486,1
854,503.00773009142324,443.98340618360857,1
855,501.4749354523732,439.22414777556855,1
856,499.94214081332314,434.46488936752854,1
857,498.4093461742731,429.70563095948853,1
858,496.87655153522303,424.9463725514485,1
859,495.34375689617303,420.1871141434085,1
860,493.810962257123,415.42785573536855,0
861,492.2781676180729,410.66859732732854,0
862,490.74537297902293,405.90933891928853,0
863,489.2125783399729,401.1500805112485,0
864,487.6797837009228,396.39082210320856,0
865,486.1469890618728,391.63156369516855,0
866,484.6141944228227,386.87230528712854,0
867,483.08139978377267,382.11304687908853,0
868,481.5486051447226,377.3537884710485,0
869,480.0158105056726,372.59453006300856,0
870,478.48301586662257,367.83527165496855,1
871,476.9502212275725,363.07601324692854,1
872,475.4174265885225,358.3167548388885,1
873,473.88463194947246,353.5574964308485,1
874,472.3518373104224,348.79823802280856,1
875,470.81904267137236,344.0389796147685,1
876,469.2862480323223,339.2797212067285,1
877,467.75345339327225,334.5204627986885,1
878,466.2206587542222,329.7612043906485,1
879,464.68786411517215,325.0019459826085,1
880,463.15506947612215,320.2426875745685,0
881,461.6222748370721,315.4834291665285,0
882,460.08948019802204,310.7241707584885,0
883,458.556685558972,305.9649123504485,0
884,457.023890919922,301.2056539424085,0
885,455.49109628087194,296.44639553436855,0
886,453.9583016418219,291.6871371263285,0
887,452.42550700277184,286.9278787182885,0
888,450.8927123637218,282.1686203102485,0
889,449.35991772467173,277.4093619022085,0
890,447.82712308562174,272.65010349416855,1
891,446.2943284465717,267.8908450861285,1
892,444.76153380752163,263.1315866780885,1
893,443.2287391684716,258.37232827004846,1
894,441.6959445294216,253.6130698620085,1
895,440.1631498903715,248.8538114539685,1
896,438.6303552513215,244.09455304592848,1
897,437.0975606122714,239.3352946378885,1
898,435.56476597322137,234.57603622984848,1
899,434.0319713341713,229.8167778218085,1
900,432.4991766951213,225.0575194137685,0
901,430.96638205607127,220.29826100572848,0
902,429.4335874170212,215.53900259768847,0
903,427.90079277797116,210.77974418964848,0
904,426.3679981389211,206.02048578160847,0
905,424.8352034998711,201.2612273735685,0
906,423.30240886082106,196.50196896552848,0
907,421.769614221771,191.74271055748846,0
908,420.23681958272095,186.98345214944848,0
909,418.7040249436709,182.2241937414085,0
910,417.17123030462085,177.4649353333685,1
911,415.63843566557085,172.70567692532848,1
912,414.1056410265208,167.94641851728846,1
913,412.57284638747075,163.18716010924845,1
914,411.0400517484207,158.42790170120844,1
915,409.50725710937064,153.66864329316846,1
916,407.97446247032065,148.90938488512847,1
917,406.4416678312706,144.15012647708846,1
918,404.90887319222054,139.39086806904845,1
919,403.3760785531705,134.63160966100844,1
920,401.84328391412043,129.87235125296846,0
921,400.31048927507044,125.11309284492845,0
922,398.7776946360204,120.35383443688846,0
923,397.24489999697033,115.59457602884845,0
924,395.7121053579203,110.83531762080844,0
925,394.1793107188702,106.07605921276846,0
926,392.64651607982023,101.31680080472844,0
927,391.1137214407702,96.55754239668845,0
928,389.5809268017201,91.79828398864844,0
929,388.0481321626701,87.03902558060844,0
930,386.51533752362,82.27976717256844,1
931,384.98254288456997,77.52050876452844,1
932,383.44974824551997,72.76125035648843,1
933,381.9169536064699,68.00199194844843,1
934,380.66638871780754,64.11904422046405,1
935,380.4078934029504,63.15346298794565,1
936,380.247086761455,62.16689916920616,1
937,380.1855755201277,61.169210183807806,1
938,380.2239742789588,60.170364610300524,1
939,380.36189937024307,59.180342583480375,1
940,380.5979726920603,58.20903607618157,0
941,380.92983547781444,57.26615006195377,0
942,381.3541718642494,56.3611055461745,0
943,381.866742022459,55.50294543447746,0
944,382.46242452085545,54.70024417902872,0
945,383.1352674968213,53.961022105434964,0
946,383.878548125753,53.29266527630119,0
947,384.68483979330216,52.701851692134746,0
948,385.5460862996513,52.19448456697159,0
949,386.45368235439906,51.775633345413084,0
950,387.39855955777796,51.449483050411246,1
951,388.37127700910656,51.21929246790276,1
952,389.3621156371489,51.08736158609718,1
953,390.3611753098613,51.055008614754954,1
954,391.3584737532392,51.122556814071245,1
955,392.3440462908994,51.28933126476697,1
956,393.3080454078326,51.55366561165908,1
957,394.24083914351814,51.91291871333073,1
958,395.13310733128964,52.36350103154333,1
959,395.9759347223595,52.90091049671598,1
960,396.7609000640379,53.519777491116656,0
961,397.48016024210585,54.213918500307514,0
962,398.1265286466199,54.97639789677724,0
963,398.6935469781431,55.7995972384385,0
964,399.17554977693817,56.67529138958291,0
965,399.5677210303686,57.594730703718255,0
966,399.86614229290456,58.54872844714393,0
967,400.0903168212249,59.52323390525637,0
968,400.4859318743029,61.0958008326113,0
969,402.01872651335293,65.8550592406513,0
970,403.551521152403,70.61431764869131,1
971,405.084315791453,75.37357605673131,1
972,406.61711043050303,80.1328344647713,1
973,408.1499050695531,84.8920928728113,1
974,409.68269970860314,89.65135128085132,1
975,411.2154943476532,94.41060968889131,1
976,412.74828898670324,99.16986809693131,1
977,414.28108362575324,103.92912650497132,1
978,415.8138782648033,108.68838491301132,1
979,417.34667290385335,113.44764332105132,1
980,418.8794675429034,118.20690172909131,0
981,420.41226218195345,122.96616013713131,0
982,421.9450568210035,127.72541854517132,0
983,423.4778514600535,132.4846769532113,0
984,425.01064609910355,137.24393536125132,0
985,426.5434407381536,142.00319376929133,0
986,428.07623537720366,146.76245217733134,0
987,429.6090300162537,151.52171058537132,0
988,431.14182465530376,156.28096899341134,0
989,432.67461929435376,161.04022740145132,0
990,434.2074139334038,165.79948580949133,1
991,435.74020857245387,170.55874421753134,1
992,437.2730032115039,175.31800262557132,1
993,438.805797850554,180.0772610336113,1
994,440.338592489604,184.83651944165132,1
995,441.871387128654,189.59577784969133,1
996,443.4041817677041,194.35503625773134,1
997,444.9369764067541,199.11429466577133,1
998,446.4697710458042,203.87355307381134,1
999,448.00256568485423,208.63281148185135,1
1000,449.5353603239043,213.39206988989136,0
1001,451.0681549629543,218.15132829793131,0
1002,452.60094960200433,222.91058670597133,0
1003,454.1337442410544,227.66984511401134,0
1004,455.66653888010444,232.42910352205135,0
1005,457.1993335191545,237.18836193009133,0
1006,458.73212815820455,241.94762033813134,0
1007,460.26492279725454,246.70687874617136,0
1008,461.7977174363046,251.46613715421137,0
1009,463.33051207535465,256.2253955622514,0
1010,464.8633067144047,260.98465397029133,1
1011,466.3961013534547,265.74391237833134,1
1012,467.92889599250475,270.50317078637136,1
1013,469.4616906315548,275.26242919441137,1
1014,470.99448527060486,280.0216876024514,1
1015,472.5272799096549,284.78094601049133,1
1016,474.06007454870496,289.54020441853135,1
1017,475.592869187755,294.29946282657136,1
1018,477.12566382680507,299.0587212346113,1
1019,478.65845846585506,303.8179796426514,1
1020,480.1912531049051,308.57723805069134,0
1021,481.72404774395517,313.33649645873135,0
1022,483.2568423830052,318.09575486677136,0
1023,484.7896370220552,322.85501327481137,0
1024,486.32243166110527,327.6142716828514,0
1025,487.8552263001553,332.3735300908914,0
1026,489.3880209392054,337.13278849893135,0
1027,490.92081557825543,341.89204690697136,0
1028,492.4536102173055,346.65130531501137,0
1029,493.98640485635553,351.4105637230514,0
1030,495.5191994954056,356.1698221310914,1
1031,497.0519941344556,360.9290805391314,1
1032,498.58478877350564,365.6883389471714,1
1033,500.1175834125557,370.44759735521137,1
1034,501.6503780516057,375.2068557632513,1
1035,503.18317269065574,379.96611417129134,1
1036,504.7159673297058,384.72537257933135,1
1037,506.24876196875584,389.48463098737136,1
1038,507.7815566078059,394.2438893954114,1
1039,509.31435124685595,399.0031478034514,1
1040,510.847145885906,403.7624062114914,0
1041,512.379940524956,408.52166461953135,0
1042,513.9127351640061,413.28092302757136,0
1043,515.4455298030562,418.0401814356114,0
1044,516.9783244421062,422.7994398436514,0
1045,518.5111190811563,427.5586982516914,0
1046,520.0439137202062,432.3179566597314,0
1047,521.5767083592563,437.0772150677714,0
1048,523.1095029983063,441.83647347581143,0
1049,524.6422976373564,446.5957318838514,0
1050,526.1750922764064,451.3549902918914,1
1051,527.7078869154565,456.1142486999314,1
1052,529.2406815545065,460.8735071079714,1
1053,530.7734761935566,465.6327655160114,1
1054,532.3062708326065,470.3920239240514,1
1055,533.8390654716566,475.1512823320914,1
1056,535.3718601107066,479.9105407401314,1
1057,536.9046547497567,484.66979914817136,1
1058,537.9692355434033,487.9752746268308,1
1059,538.2277308582604,488.9408558593492,1
1060,538.4198232260616,489.92211641740647,0
1061,538.6905383738122,490.88434313350473,0
1062,539.0559634540848,491.8147363058263,0
1063,539.512447260271,492.7039997533404,0
1064,540.0554287570725,493.54324824963095,0
1065,540.6794826528594,494.3240963011416,0
1066,541.3783736073897,495.03874193225585,0
1067,542.1451185332683,495.6800446400579,0
1068,542.972056368648,496.24159673987793,0
1069,543.8509246240271,496.717787388759,0
1070,544.772941938313,497.10385864714516,1
1071,545.7288958192797,497.39595301864085,1
1072,546.7092346917451,497.5911519928396,1
1073,547.7041633337523,497.6875052061155,1
1074,548.7037407471901,497.6840499290115,1
1075,549.6979794849598,497.58082068551437,1
1076,550.6769454422451,497.37884890810204,1
1077,551.6308571148043,497.08015263201145,1
1078,552.5501833325261,496.6877163316974,1
1079,553.425738491732,496.20546110095046,1
1080,554.2487743346912,495.6382054746239,0
1081,555.0110673593205,494.9916172834261,0
1082,555.7050009856982,494.2721570228299,0
1083,556.3236416584135,493.4870133019373,0
1084,556.8608081243602,492.6440310172734,0
1085,557.3111331937741,491.7516329691736,0
1086,557.6701173674194,490.8187357039471,0
1087,557.9341737940971,489.8546604226931,0
1088,558.1006641092777,488.86903984694095,0
1089,558.1679247967659,487.8717219716808,0
1090,558.1352838100061,486.8726716674527,1
1091,558.0030672869481,485.8818711146545,1
1092,557.6027946048828,484.3745589896531,1
1093,556.0699999658327,479.6153005816131,1
1094,554.5372053267827,474.8560421735731,1
1095,553.0044106877326,470.0967837655331,1
1096,551.4716160486826,465.33752535749306,1
1097,549.9388214096325,460.57826694945305,1
1098,548.4060267705826,455.8190085414131,1
1099,546.8732321315325,451.0597501333731,1
1100,545.3404374924825,446.30049172533313,0
1101,543.8076428534324,441.5412333172931,0
1102,542.2748482143824,436.7819749092531,0
1103,540.7420535753323,432.0227165012131,0
1104,539.2092589362823,427.2634580931731,0
1105,537.6764642972322,422.5041996851331,0
1106,536.1436696581821,417.74494127709306,0
1107,534.6108750191321,412.98568286905305,0
1108,533.0780803800822,408.2264244610131,0
1109,531.5452857410321,403.4671660529731,0
1110,530.012491101982,398.7079076449331,1
1111,528.479696462932,393.94864923689306,1
1112,526.946901823882,389.18939082885305,1
1113,525.4141071848319,384.4301324208131,1
1114,523.8813125457818,379.6708740127731,1
1115,522.3485179067318,374.9116156047331,1
1116,520.8157232676817,370.15235719669306,1
1117,519.2829286286317,365.39309878865305,1
1118,517.7501339895817,360.6338403806131,1
1119,516.2173393505317,355.8745819725731,1
1120,514.6845447114816,351.11532356453307,0
1121,513.1517500724316,346.35606515649306,0
1122,511.61895543338153,341.59680674845305,0
1123,510.0861607943315,336.83754834041304,0
1124,508.5533661552814,332.078289932373,0
1125,507.02057151623137,327.319031524333,0
1126,505.4877768771813,322.559773116293,0
1127,503.9549822381313,317.80051470825305,0
1128,502.42218759908127,313.04125630021304,0
1129,500.8893929600312,308.2819978921731,0
1130,499.3565983209812,303.52273948413307,1
1131,497.82380368193117,298.76348107609306,1
1132,496.2910090428811,294.00422266805305,1
1133,494.75821440383106,289.24496426001303,1
1134,493.225419764781,284.485705851973,1
1135,491.69262512573096,279.726447443933,1
1136,490.1598304866809,274.967189035893,1
1137,488.6270358476309,270.20793062785305,1
1138,487.09424120858085,265.44867221981303,1
1139,485.5614465695308,260.689413811773,1
1140,484.02865193048075,255.930155403733,0
1141,482.49585729143075,251.17089699569303,0
1142,480.9630626523807,246.41163858765302,0
1143,479.43026801333065,241.652380179613,0
1144,477.8974733742806,236.89312177157302,0
1145,476.36467873523054,232.133863363533,0
1146,474.8318840961805,227.374604955493,0
1147,473.2990894571305,222.61534654745302,0
1148,471.76629481808044,217.856088139413,0
1149,470.2335001790304,213.096829731373,0
1150,468.70070553998033,208.33757132333298,1
1151,467.1679109009303,203.578312915293,1
1152,465.6351162618803,198.819054507253,1
1153,464.10232162283023,194.059796099213,1
1154,462.5695269837802,189.300537691173,1
1155,461.0367323447301,184.54127928313298,1
1156,459.5039377056801,179.782020875093,1
1157,457.9711430666301,175.022762467053,1
1158,456.43834842758,170.263504059013,1
1159,454.90555378852997,165.504245650973,1
1160,453.3727591494799,160.74498724293298,0
1161,451.83996451042987,155.985728834893,0
1162,450.30716987137987,151.22647042685298,0
1163,448.7743752323298,146.46721201881297,0
1164,447.24158059327976,141.707953610773,0
1165,445.7087859542297,136.94869520273298,0
1166,444.17599131517966,132.18943679469297,0
1167,442.6431966761296,127.43017838665298,0
1168,441.1104020370796,122.67091997861297,0
1169,439.57760739802956,117.91166157057296,0
1170,438.0448127589795,113.15240316253296,1
1171,436.51201811992945,108.39314475449297,1
1172,434.9792234808794,103.63388634645295,1
1173,433.4464288418294,98.87462793841297,1
1174,431.91363420277935,94.11536953037296,1
1175,430.3808395637293,89.35611112233296,1
1176,428.84804492467924,84.59685271429296,1
1177,427.3152502856292,79.83759430625295,1
1178,425.7824556465792,75.07833589821296,1
1179,424.24966100752914,70.31907749017294,1
1180,422.7168663684791,65.55981908213295,0
1181,421.18407172942904,60.80056067409294,0
1182,420.3054750307982,58.072557444758566,0
1183,420.04697971594106,57.10697621224017,0
1184,419.8861730744457,56.12041239350068,0
1185,419.8246618331184,55.12272340810232,0
1186,419.8630605919495,54.12387783459504,0
1187,420.00098568323375,53.13385580777489,0
1188,420.237059005051,52.16254930047609,0
1189,420.5689217908051,51.21966328624829,0
1190,420.9932581772401,50.314618770469025,1
1191,421.5058283354497,49.45645865877198,1
1192,422.10151083384613,48.65375740332324,1
1193,422.774353809812,47.91453532972948,1
1194,423.5176344387437,47.24617850059572,1
1195,424.32392610629284,46.655364916429264,1
1196,425.18517261264196,46.14799779126611,1
1197,426.09276866738975,45.7291465697076,1
1198,427.03764587076864,45.402996274705764,1
1199,428.01036332209725,45.17280569219729,1
1200,429.0012019501396,45.0408748103917,0
1201,430.000261622852,45.008521839049465,0
1202,430.9975600662299,45.07607003836576,0
1203,431.9831326038901,45.24284448906149,0
1204,432.9471317208233,45.507178835953596,0
1205,433.87992545650883,45.86643193762525,0
1206,434.7721936442803,46.31701425583785,0
1207,435.6150210353502,46.854423721010505,0
1208,436.3999863770286,47.47329071541117,0
1209,437.11924655509654,48.16743172460204,0
1210,437.76561495961056,48.92991112107176,1
1211,438.3326332911338,49.75311046273302,1
1212,438.81463608992885,50.628804613877435,1
1213,439.2068073433593,51.54824392801277,1
1214,439.50522860589524,52.50224167143845,1
1215,439.7220856542189,53.478345277379425,1
1216,440.12501818729356,55.04931405690583,1
1217,441.6578128263436,59.80857246494583,1
1218,443.19060746539367,64.56783087298584,1
1219,444.72340210444366,69.32708928102583,1
1220,446.2561967434937,74.08634768906583,0
1221,447.78899138254377,78.84560609710584,0
1222,449.3217860215938,83.60486450514583,0
1223,450.8545806606439,88.36412291318584,0
1224,452.38737529969393,93.12338132122585,0
1225,453.9201699387439,97.88263972926585,0
1226,455.452964577794,102.64189813730584,0
1227,456.98575921684403,107.40115654534584,0
1228,458.5185538558941,112.16041495338584,0
1229,460.05134849494414,116.91967336142585,0
1230,461.58414313399413,121.67893176946585,1
1231,463.1169377730442,126.43819017750586,1
1232,464.64973241209424,131.19744858554586,1
1233,466.1825270511443,135.95670699358584,1
1234,467.71532169019434,140.71596540162585,1
1235,469.2481163292444,145.47522380966586,1
1236,470.7809109682944,150.23448221770587,1
1237,472.31370560734445,154.99374062574586,1
1238,473.8465002463945,159.75299903378584,1
1239,475.37929488544455,164.51225744182585,1
1240,476.9120895244946,169.27151584986586,0
1241,478.4448841635446,174.03077425790588,0
1242,479.97767880259465,178.79003266594586,0
1243,481.5104734416447,183.54929107398584,0
1244,483.04326808069476,188.30854948202585,0
1245,484.5760627197448,193.06780789006586,0
1246,486.10885735879486,197.82706629810588,0
1247,487.64165199784486,202.5863247061459,0
1248,489.1744466368949,207.3455831141859,0
1249,490.70724127594497,212.1048415222259,0
1250,492.240035914995,216.86409993026587,1
1251,493.7728305540451,221.62335833830588,1
1252,495.3056251930951,226.3826167463459,1
1253,496.8384198321451,231.1418751543859,1
1254,498.3712144711952,235.9011335624259,1
1255,499.9040091102452,240.66039197046587,1
1256,501.4368037492953,245.41965037850588,1
1257,502.96959838834533,250.1789087865459,1
1258,504.5023930273953,254.9381671945859,1
1259,506.0351876664454,259.6974256026259,1
1260,507.56798230549543,264.45668401066587,0
1261,509.1007769445455,269.2159424187059,0
1262,510.63357158359554,273.9752008267459,0
1263,512.1663662226456,278.7344592347859,0
1264,513.6991608616956,283.49371764282586,0
1265,515.2319555007457,288.2529760508659,0
1266,516.7647501397956,293.0122344589059,0
1267,518.2975447788457,297.7714928669459,0
1268,519.8303394178957,302.5307512749859,0
1269,521.3631340569458,307.2900096830259,0
1270,522.8959286959958,312.04926809106587,1
1271,524.4287233350459,316.8085264991059,1
1272,525.961517974096,321.5677849071459,1
1273,527.494312613146,326.3270433151859,1
1274,529.0271072521961,331.08630172322586,1
1275,530.5599018912461,335.8455601312659,1
1276,532.0926965302962,340.60481853930594,1
1277,533.6254911693461,345.3640769473459,1
1278,535.1582858083962,350.1233353553859,1
1279,536.6910804474462,354.8825937634259,1
1280,538.2238750864963,359.6418521714659,0
1281,539.7566697255463,364.4011105795059,0
1282,541.2894643645964,369.16036898754595,0
1283,542.8222590036464,373.9196273955859,0
1284,544.3550536426965,378.6788858036259,0
1285,545.8878482817465,383.43814421166593,0
1286,547.4206429207966,388.19740261970594,0
1287,548.9534375598466,392.9566610277459,0
1288,550.4862321988967,397.71591943578596,0
1289,552.0190268379466,402.4751778438259,0
1290,553.5518214769967,407.23443625186593,1
1291,555.0846161160467,411.99369465990594,1
1292,556.6174107550968,416.75295306794595,1
1293,558.1502053941468,421.5122114759859,1
1294,559.6830000331969,426.2714698840259,1
1295,561.215794672247,431.03072829206593,1
1296,562.748589311297,435.78998670010594,1
1297,564.281383950347,440.5492451081459,1
1298,565.8141785893971,445.30850351618597,1
1299,567.346973228447,450.0677619242259,1
1300,568.8797678674971,454.82702033226593,0
1301,570.4125625065471,459.58627874030594,0
1302,570.9398921776005,461.223613649257,0
1303,571.2934933660806,462.1585645270577,0
1304,571.7386673619934,463.05354333002344,0
1305,572.2709661339265,463.89960772579553,0
1306,572.8850711285056,464.68830411860324,0
1307,573.5748464116209,465.411752114798,0
1308,574.3333999766528,466.0627232611418,0
1309,575.1531526071241,466.634713269123,0
1310,576.0259136057251,467.1220070036565,1
1311,576.9429626330545,467.51973558682477,1
1312,577.8951368383673,467.8239250460964,1
1313,578.8729224117508,468.03153602094596,1
1314,579.8665496429687,468.1404941311399,1
1315,580.8660905371762,468.1497107032579,1
1316,581.8615580121627,468.0590936483579,1
1317,582.8430056859761,467.8695483820984,1
1318,583.8006272578828,467.58296877812467,1
1319,584.724854489684,467.20221824510895,1
1320,585.6064528083887,466.73110111651766,0
1321,586.4366135750138,466.17432463896915,0
1322,587.2070420975938,465.53745193898123,0
1323,587.9100405090011,464.8268464380501,0
1324,588.5385846814893,464.049608271446,0
1325,589.0863944094557,463.2135033460089,0
1326,589.5479961591806,462.3268857457743,0
1327,589.9187777585659,461.39861426072684,0
1328,590.1950344804345,460.43796387269947,0
1329,590.3740060589399,459.45453308282043,0
1330,590.45390426923,458.4581480064632,1
1331,590.4339307947981,457.4587641939498,1
1332,590.3142852039987,456.46636715798223,1
1333,590.0961629560252,455.49087260170126,1
1334,589.7960242696795,454.5370826200087,1
1335,589.4862046649115,453.5862872621627,1
1336,589.1763850601434,452.63549190431684,1
1337,588.8665654553753,451.68469654647095,1
1338,588.5567458506072,450.733901188625,1
1339,588.2469262458391,449.7831058307791,1
1340,587.937106641071,448.83231047293316,0
1341,587.6272870363028,447.88151511508727,0
1342,587.3174674315347,446.9307197572414,0
1343,587.0076478267666,445.97992439939543,0
1344,586.6978282219985,445.02912904154954,0
1345,586.3880086172304,444.0783336837036,0
1346,586.0781890124623,443.1275383258577,0
1347,585.7683694076942,442.1767429680118,0
1348,585.4585498029262,441.22594761016586,0
1349,585.1487301981581,440.27515225231997,0
1350,584.83891059339,439.324356894474,1
1351,584.5290909886219,438.37356153662813,1
1352,584.2192713838538,437.42276617878224,1
1353,583.9094517790857,436.4719708209363,1
1354,583.5996321743175,435.5211754630904,1
1355,583.2898125695494,434.5703801052445,1
1356,582.9799929647813,433.61958474739856,1
1357,582.6701733600132,432.66878938955267,1
1358,582.3603537552451,431.7179940317068,1
1359,582.050534150477,430.76719867386083,1
1360,581.7407145457089,429.81640331601494,0
1361,581.4308949409408,428.865607958169,0
1362,581.1210753361728,427.9148126003231,0
1363,580.8112557314047,426.9640172424772,0
1364,580.5014361266366,426.01322188463126,0
1365,580.1916165218685,425.0624265267854,0
1366,579.8817969171004,424.1116311689394,0
1367,579.5719773123323,423.16083581109353,0
1368,579.2621577075641,422.21004045324764,0
1369,578.952338102796,421.2592450954017,0
1370,578.6425184980279,420.3084497375558,1
1371,578.3326988932598,419.35765437970986,1
1372,578.0228792884917,418.40685902186397,1
1373,577.7130596837236,417.4560636640181,1
1374,577.4032400789555,416.5052683061721,1
1375,577.0934204741875,415.55447294832624,1
1376,576.7836008694194,414.6036775904803,1
1377,576.4737812646513,413.6528822326344,1
1378,576.1639616598832,412.7020868747885,1
1379,575.8541420551151,411.75129151694256,1
1380,575.544322450347,410.80049615909667,0
1381,575.2345028455788,409.8497008012507,0
1382,574.9246832408107,408.89890544340483,0
1383,574.6148636360426,407.94811008555894,0
1384,574.3050440312745,406.997314727713,0
1385,573.9952244265064,406.0465193698671,0
1386,573.6854048217383,405.09572401202115,0
1387,573.3755852169702,404.14492865417526,0
1388,573.0657656122022,403.19413329632937,0
1389,572.7559460074341,402.2433379384834,0
1390,572.446126402666,401.29254258063753,1
1391,572.0598173637037,400.13889758566415,1
1392,570.5270227246536,395.37963917762414,1
1393,568.9942280856036,390.62038076958413,1
1394,567.4614334465535,385.8611223615442,1
1395,565.9286388075035,381.10186395350416,1
1396,564.3958441684536,376.34260554546415,1
1397,562.8630495294035,371.58334713742414,1
1398,561.3302548903534,366.82408872938413,1
1399,559.7974602513034,362.0648303213442,1
1400,558.2646656122533,357.30557191330416,0
1401,556.7318709732033,352.54631350526415,0
1402,555.1990763341532,347.78705509722414,0
1403,553.6662816951032,343.02779668918413,0
1404,552.1334870560531,338.2685382811442,0
1405,550.6006924170031,333.50927987310416,0
1406,549.067897777953,328.75002146506415,0
1407,547.5351031389031,323.99076305702414,0
1408,546.002308499853,319.2315046489841,0
1409,544.469513860803,314.4722462409441,0
1410,542.9367192217529,309.71298783290416,1
1411,541.4039245827029,304.95372942486415,1
1412,539.8711299436528,300.19447101682414,1
1413,538.3383353046028,295.4352126087841,1
1414,536.8055406655527,290.6759542007441,1
1415,535.2727460265027,285.9166957927041,1
1416,533.7399513874526,281.1574373846641,1
1417,532.2071567484027,276.39817897662414,1
1418,530.6743621093526,271.6389205685841,1
1419,529.1415674703026,266.8796621605441,1
1420,527.6087728312525,262.1204037525041,0
1421,526.0759781922025,257.3611453444641,0
1422,524.5431835531524,252.60188693642414,0
1423,523.0103889141024,247.84262852838413,0
1424,521.4775942750523,243.0833701203441,0
1425,519.9447996360022,238.3241117123041,0
1426,518.4120049969522,233.5648533042641,0
1427,516.8792103579021,228.80559489622414,0
1428,515.3464157188522,224.04633648818412,0
1429,513.8136210798021,219.2870780801441,0
1430,512.2808264407521,214.5278196721041,1
1431,510.74803180170204,209.7685612640641,1
1432,509.215237162652,205.00930285602414,1
1433,507.68244252360194,200.25004444798412,1
1434,506.1496478845519,195.4907860399441,1
1435,504.61685324550183,190.7315276319041,1
1436,503.08405860645183,185.9722692238641,1
1437,501.5512639674018,181.21301081582408,1
1438,500.0184693283517,176.45375240778412,1
1439,498.4856746893017,171.6944939997441,1
1440,496.9528800502517,166.9352355917041,0
1441,495.4200854112016,162.1759771836641,0
1442,493.8872907721516,157.4167187756241,0
1443,492.3544961331015,152.65746036758412,0
1444,490.82170149405147,147.89820195954408,0
1445,489.2889068550014,143.1389435515041,0
1446,487.7561122159514,138.3796851434641,0
1447,486.22331757690137,133.62042673542408,0
1448,484.6905229378513,128.8611683273841,0
1449,483.15772829880126,124.10190991934408,0
1450,481.6249336597512,119.34265151130408,1
1451,480.0921390207012,114.58339310326409,1
1452,478.55934438165116,109.82413469522407,1
1453,477.0265497426011,105.06487628718408,1
1454,475.49375510355105,100.30561787914408,1
1455,473.960960464501,95.54635947110407,1
1456,472.42816582545095,90.78710106306407,1
1457,470.89537118640095,86.02784265502407,1
1458,469.3625765473509,81.26858424698406,1
1459,467.82978190830084,76.50932583894406,1
1460,466.2969872692508,71.75006743090407,0
1461,464.76419263020074,66.99080902286407,0
1462,463.23139799115074,62.231550614824066,0
1463,461.6986033521007,57.47229220678406,0
1464,460.16580871305064,52.713033798744064,0
1465,459.94456134378896,52.026070669053084,0
1466,459.65597532165805,51.068946954213935,0
1467,459.4615375272366,50.08845682754494,0
1468,459.3659567912336,49.093453678152954,0
1469,459.37018812476845,48.09387924860237,0
1470,459.47418924975517,47.0997209561779,1
1471,459.67692102133105,46.120912101912396,1
1472,459.9763578106488,45.16723262032649,1
1473,460.36950774429005,44.248211361555676,1
1474,460.85244259807604,43.37303088222953,1
1475,461.4203370465848,42.5504356964013,1
1476,462.0675168762078,41.78864490325395,1
1477,462.7875156800165,41.09527006457806,1
1478,463.57313946796336,40.47723915256243,1
1479,464.4165385468519,39.94072732778605,1
1480,465.3092859518764,39.49109523905487,0
1481,466.2424616460691,39.132835461570885,0
1482,467.20674164636034,38.86952760860576,0
1483,468.19249118573595,38.70380256518833,0
1484,469.1898609806438,38.63731620117101,0
1485,470.1888856417799,38.67073282632559,0
1486,471.17958324496385,38.80371855277958,0
1487,472.15205506722566,39.034944631113504,0
1488,473.0965844915737,39.36210072678582,0
1489,474.0037340922199,39.781918004232,0
1490,474.8644399302183,40.29020178798894,1
1491,475.6701021173472,40.88187347450563,1
1492,476.41267074334934,41.55102127587105,1
1493,477.0847263079742,42.290959288444796,1
1494,477.6795538541721,43.094294296196246,1
1495,478.1912100617253,43.95299964127517,1
1496,478.614582630939,44.8584954237238,1
1497,478.9454413630499,45.80173422900103,1
1498,479.1804804269742,46.773291526757795,1
1499,479.37325077057613,47.7542872577546,1
1500,479.7641045002843,49.00282728120035,0
1501,481.29689913933436,53.76208568924035,0
1502,482.8296937783844,58.52134409728035,0
1503,484.3624884174344,63.28060250532035,0
1504,485.89528305648446,68.03986091336034,0
1505,487.4280776955345,72.79911932140035,0
1506,488.96087233458456,77.55837772944035,0
1507,490.4936669736346,82.31763613748035,0
1508,492.0264616126846,87.07689454552036,0
1509,493.55925625173467,91.83615295356037,0
1510,495.0920508907847,96.59541136160036,1
1511,496.6248455298348,101.35466976964037,1
1512,498.1576401688848,106.11392817768036,1
1513,499.6904348079348,110.87318658572036,1
1514,501.2232294469849,115.63244499376037,1
1515,502.7560240860349,120.39170340180036,1
1516,504.288818725085,125.15096180984037,1
1517,505.82161336413503,129.91022021788038,1
1518,507.3544080031851,134.6694786259204,1
1519,508.8872026422351,139.42873703396037,1
1520,510.41999728128513,144.18799544200039,0
1521,511.9527919203352,148.94725385004037,0
1522,513.4855865593852,153.70651225808038,0
1523,515.0183811984352,158.4657706661204,0
1524,516.5511758374853,163.22502907416037,0
1525,518.0839704765353,167.9842874822004,0
1526,519.6167651155854,172.74354589024037,0
1527,521.1495597546354,177.5028042982804,0
1528,522.6823543936855,182.2620627063204,0
1529,524.2151490327356,187.0213211143604,0
1530,525.7479436717856,191.7805795224004,1
1531,527.2807383108357,196.5398379304404,1
1532,528.8135329498856,201.29909633848038,1
1533,530.3463275889357,206.0583547465204,1
1534,531.8791222279857,210.81761315456043,1
1535,533.4119168670358,215.5768715626004,1
1536,534.9447115060858,220.33612997064043,1
1537,536.4775061451359,225.0953883786804,1
1538,538.0103007841859,229.85464678672042,1
1539,539.543095423236,234.61390519476043,1
1540,541.075890062286,239.37316360280042,0
1541,542.608684701336,244.13242201084043,0
1542,544.141479340386,248.8916804188804,0
1543,545.6742739794361,253.65093882692042,0
1544,547.2070686184861,258.41019723496044,0
1545,548.7398632575362,263.1694556430004,0
1546,550.2726578965862,267.9287140510404,0
1547,551.8054525356363,272.6879724590804,0
1548,553.3382471746863,277.4472308671204,0
1549,554.8710418137364,282.20648927516044,0
1550,556.4038364527864,286.9657476832004,1
1551,557.9366310918365,291.7250060912404,1
1552,559.4694257308864,296.4842644992804,1
1553,561.0022203699365,301.2435229073204,1
1554,562.5350150089865,306.00278131536044,1
1555,564.0678096480366,310.7620397234004,1
1556,565.6006042870866,315.5212981314404,1
1557,567.1333989261367,320.2805565394804,1
1558,568.6661935651867,325.0398149475204,1
1559,570.1989882042368,329.79907335556044,1
1560,571.7317828432869,334.5583317636004,0
1561,573.1797425498069,339.05418152207136,0
1562,573.5333437382869,339.98913239987206,0
1563,573.9785177341997,340.8841112028378,0
1564,574.5108165061329,341.7301755986099,0
1565,575.1249215007119,342.5188719914176,0
1566,575.8146967838272,343.24231998761235,0
1567,576.5732503488591,343.89329113395615,0
1568,577.3930029793304,344.46528114193734,0
1569,578.2657639779314,344.95257487647086,0
1570,579.1828130052609,345.3503034596391,1
1571,580.1349872105736,345.65449291891076,1
1572,581.1127727839571,345.8621038937604,1
1573,582.106400015175,345.9710620039543,1
1574,583.1059409093825,345.98027857607224,1
1575,584.101408384369,345.88966152117223,1
1576,585.0828560581824,345.70011625491276,1
1577,586.0404776300891,345.413536650939,1
1578,586.9647048618904,345.0327861179233,1
1579,587.846303180595,344.561668989332,1
1580,588.6764639472201,344.00489251178357,0
1581,589.4468924698001,343.3680198117956,0
1582,590.1498908812074,342.65741431086445,0
1583,590.7784350536956,341.88017614426036,0
1584,591.326244781662,341.04407121882326,0
1585,591.7878465313869,340.15745361858865,0
1586,592.1586281307722,339.2291821335412,0
1587,592.4348848526408,338.2685317455138,0
1588,592.6138564311462,337.2851009556348,0
1589,592.6937546414363,336.2887158792776,0
1590,592.6737811670044,335.28933206676413,1
1591,592.554135576205,334.2969350307966,1
1592,592.3360133282315,333.3214404745156,1
1593,592.0359948393724,332.3676113413644,1
1594,591.7263934004081,331.4167449212026,1
1595,591.4167919614439,330.4658785010409,1
1596,591.1071905224795,329.5150120808791,1
1597,590.7975890835153,328.5641456607174,1
1598,590.4879876445509,327.6132792405556,1
1599,590.1783862055867,326.66241282039385,1
1600,589.8687847666224,325.71154640023207,0
1601,589.559183327658,324.76067998007034,0
1602,589.2495818886938,323.80981355990855,0
1603,588.9399804497295,322.8589471397468,0
1604,588.6303790107652,321.90808071958503,0
1605,588.3207775718009,320.9572142994233,0
1606,588.0111761328367,320.0063478792615,0
1607,587.7015746938723,319.0554814590998,0
1608,587.3919732549081,318.104615038938,0
1609,587.0823718159437,317.15374861877626,0
1610,586.7727703769795,316.2028821986145,1
1611,586.4631689380152,315.25201577845274,1
1612,586.1535674990508,314.30114935829096,1
1613,585.8439660600866,313.3502829381292,1
1614,585.5343646211223,312.39941651796744,1
1615,585.224763182158,311.44855009780565,1
1616,584.9151617431937,310.4976836776439,1
1617,584.6055603042294,309.5468172574822,1
1618,584.2959588652651,308.5959508373204,1
1619,583.9863574263009,307.64508441715867,1
1620,583.6767559873365,306.6942179969969,0
1621,583.3671545483722,305.74335157683515,0
1622,583.057553109408,304.79248515667337,0
1623,582.7479516704436,303.8416187365116,0
1624,582.4383502314794,302.89075231634985,0
1625,582.1287487925151,301.9398858961881,0
1626,581.8191473535508,300.98901947602633,0
1627,581.5095459145865,300.03815305586454,0
1628,581.1999444756221,299.0872866357028,0
1629,580.8903430366579,298.1364202155411,0
1630,580.5807415976936,297.1855537953793,1
1631,580.2711401587293,296.2346873752175,1
1632,579.961538719765,295.2838209550558,1
1633,579.6519372808008,294.33295453489404,1
1634,579.3423358418364,293.38208811473226,1
1635,579.0327344028722,292.43122169457047,1
1636,578.7231329639078,291.48035527440874,1
1637,578.4135315249436,290.52948885424695,1
1638,578.1039300859793,289.5786224340852,1
1639,577.7943286470149,288.62775601392343,1
1640,577.4847272080507,287.6768895937617,0
1641,577.1751257690864,286.7260231735999,0
1642,576.8655243301221,285.7751567534382,0
1643,576.5559228911578,284.8242903332764,0
1644,576.2463214521936,283.87342391311466,0
1645,575.9367200132292,282.9225574929529,0
1646,575.627118574265,281.97169107279115,0
1647,575.3175171353006,281.02082465262936,0
1648,575.0079156963363,280.0699582324676,0
1649,574.6983142573721,279.11909181230584,0
1650,574.29966773591,277.9694654584785,1
1651,572.76687309686,273.2102070504385,1
1652,571.2340784578099,268.45094864239854,1
1653,569.7012838187599,263.6916902343585,1
1654,568.1684891797098,258.9324318263185,1
1655,566.6356945406598,254.17317341827848,1
1656,565.1028999016098,249.4139150102385,1
1657,563.5701052625598,244.6546566021985,1
1658,562.0373106235097,239.89539819415847,1
1659,560.5045159844597,235.1361397861185,1
1660,558.9717213454096,230.37688137807848,0
1661,557.4389267063596,225.61762297003847,0
1662,555.9061320673095,220.85836456199848,0
1663,554.3733374282594,216.09910615395847,0
1664,552.8405427892094,211.3398477459185,0
1665,551.3077481501593,206.58058933787848,0
1666,549.7749535111093,201.8213309298385,0
1667,548.2421588720593,197.06207252179848,0
1668,546.7093642330093,192.30281411375847,0
1669,545.1765695939592,187.5435557057185,0
1670,543.6437749549092,182.78429729767848,1
1671,542.1109803158591,178.02503888963847,1
1672,540.5781856768091,173.26578048159848,1
1673,539.045391037759,168.50652207355847,1
1674,537.512596398709,163.74726366551846,1
1675,535.9798017596589,158.98800525747845,1
1676,534.4470071206089,154.22874684943844,1
1677,532.9142124815589,149.46948844139845,1
1678,531.3814178425089,144.71023003335847,1
1679,529.8486232034588,139.95097162531846,1
1680,528.3158285644088,135.19171321727845,0
1681,526.7830339253587,130.43245480923844,0
1682,525.2502392863087,125.67319640119844,0
1683,523.7174446472586,120.91393799315844,0
1684,522.1846500082086,116.15467958511844,0
1685,520.6518553691585,111.39542117707845,0
1686,519.1190607301085,106.63616276903844,0
1687,517.5862660910584,101.87690436099844,0
1688,516.0534714520085,97.11764595295844,0
1689,514.5206768129584,92.35838754491843,0
1690,512.9878821739084,87.59912913687843,1
1691,511.4550875348583,82.83987072883843,1
1692,509.92229289580825,78.08061232079842,1
1693,508.3894982567582,73.32135391275843,1
1694,506.85670361770815,68.56209550471843,1
1695,505.3239089786581,63.80283709667842,1
1696,503.7911143396081,59.04357868863842,1
1697,502.25831970055805,54.284320280598415,1
1698,500.725525061508,49.52506187255841,1
