GPSX,GPSY
40.710007261441326,-73.99889636293122
40.71002354738436,-73.99882943585986
40.7100398333274,-73.99876250878849
40.71004707060742,-73.99873276719138
40.71005082762005,-73.99871961944466
40.71005555759376,-73.99870703380525
40.71006121326821,-73.99869513602468
40.71006773813378,-73.99868404498166
40.71007506699616,-73.9986738714942
40.71008312662779,-73.99866471721246
40.71009183649949,-73.99865667360298
40.710101109585096,-73.99864982103483
40.710110853231015,-73.99864422797663
40.710120970081945,-73.99863995031237
40.71013135905366,-73.99863703078303
40.71014191634299,-73.99863549855961
40.710152536464996,-73.99863536895155
40.71016311330692,-73.99863664325389
40.71017354118845,-73.9986393087342
40.71018371591765,-73.99864333875988
40.71019353583199,-73.99864869306425
40.710202902814125,-73.99865531814886
40.71021172327227,-73.99866314781808
40.71021990907533,-73.99867210384043
40.710227378433444,-73.99868209673029
40.71023405671528,-73.998693026642
40.71023987719364,-73.99870478436752
40.71024478185145,-73.99871725234276
40.7102489657091,-73.99873017417057
40.71025218970582,-73.99874356750519
40.71025438734087,-73.99875731992356
40.710255677172455,-73.99878340225503
40.710239391229415,-73.99885032932639
40.710223105286374,-73.99891725639775
40.710206819343334,-73.99898418346912
40.710190533400294,-73.99905111054048
40.71017424745725,-73.99911803761184
40.71015796151421,-73.99918496468321
40.71014167557117,-73.99925189175457
40.71012538962813,-73.99931881882593
40.71010910368509,-73.9993857458973
40.71009281774205,-73.99945267296866
40.71007653179901,-73.99951960004002
40.71006024585598,-73.99958652711138
40.71004395991294,-73.99965345418275
40.7100276739699,-73.99972038125411
40.71001138802686,-73.99978730832547
40.709995102083816,-73.99985423539684
40.709978816140776,-73.9999211624682
40.709962530197735,-73.99998808953956
40.709946244254695,-74.00005501661093
40.709929958311655,-74.00012194368229
40.709913672368614,-74.00018887075365
40.709897386425574,-74.00025579782502
40.709881100482534,-74.00032272489638
40.70986481453949,-74.00038965196774
40.70984852859645,-74.0004565790391
40.70983224265341,-74.00052350611047
40.70981595671038,-74.00059043318183
40.70979967076734,-74.00065736025319
40.70979313017869,-74.0006842387976
40.70978986491056,-74.00069762076315
40.7097865996099,-74.0007110027148
40.70978333430924,-74.00072438466644
40.70978006900858,-74.00073776661809
40.709776803707925,-74.00075114856973
40.70977353840726,-74.00076453052138
40.7097702731066,-74.00077791247303
40.709767007805944,-74.00079129442467
40.70976374250528,-74.00080467637632
40.70976047720462,-74.00081805832795
40.70975721190396,-74.0008314402796
40.7097539466033,-74.00084482223124
40.70975068130264,-74.00085820418289
40.70974741600198,-74.00087158613454
40.70974415070132,-74.00088496808618
40.709740885400656,-74.00089835003783
40.7097376201,-74.00091173198948
40.70973435479934,-74.00092511394112
40.709731089498675,-74.00093849589277
40.70972782419802,-74.00095187784441
40.709724558897356,-74.00096525979606
40.709721293596694,-74.00097864174771
40.70971802829604,-74.00099202369935
40.709714762995375,-74.001005405651
40.70971149769471,-74.00101878760265
40.70970823239406,-74.00103216955429
40.709704967093394,-74.00104555150594
40.70970170179273,-74.00105893345759
40.709698436492076,-74.00107231540923
40.70969517119141,-74.00108569736088
40.70969190589075,-74.00109907931252
40.709688640590095,-74.00111246126417
40.70968537528943,-74.00112584321582
40.709682109988776,-74.00113922516746
40.70967884468811,-74.00115260711911
40.70967557938745,-74.00116598907076
40.709672314086795,-74.0011793710224
40.70966904878613,-74.00119275297405
40.70966578348547,-74.0012061349257
40.709662518184814,-74.00121951687734
40.70965925288415,-74.00123289882899
40.70965598758349,-74.00124628078063
40.70965272228283,-74.00125966273227
40.70964945698217,-74.00127304468391
40.70964619168151,-74.00128642663556
40.70964292638085,-74.0012998085872
40.70963966108019,-74.00131319053885
40.709636395779526,-74.0013265724905
40.70963313047887,-74.00133995444214
40.70962986517821,-74.00135333639379
40.709626599877545,-74.00136671834544
40.70962333457689,-74.00138010029708
40.70962006927623,-74.00139348224873
40.709616803975564,-74.00140686420038
40.70961353867491,-74.00142024615202
40.709610273374246,-74.00143362810367
40.70960700807358,-74.00144701005532
40.70960374277293,-74.00146039200696
40.709600477472264,-74.00147377395861
40.70959721217161,-74.00148715591025
40.709593946870946,-74.0015005378619
40.70959068157028,-74.00151391981355
40.70958741626963,-74.0015273017652
40.709584150968965,-74.00154068371684
40.7095808856683,-74.00155406566849
40.70957762036765,-74.00156744762013
40.709574355066984,-74.00158082957178
40.70957108976632,-74.00159421152343
40.709567824465665,-74.00160759347507
40.709564559165,-74.00162097542672
40.70956129386434,-74.00163435737836
40.709558028563684,-74.00164773933001
40.70955476326302,-74.00166112128166
40.70955149796236,-74.0016745032333
40.7095482326617,-74.00168788518494
40.70954496736104,-74.00170126713658
40.70954170206038,-74.00171464908823
40.70953843675972,-74.00172803103987
40.70953517145906,-74.00174141299152
40.7095319061584,-74.00175479494317
40.70952864085774,-74.00176817689481
40.70952537555708,-74.00178155884646
40.709522110256415,-74.0017949407981
40.70951884495576,-74.00180832274975
40.7095155796551,-74.0018217047014
40.709512314354434,-74.00183508665305
40.70950904905378,-74.00184846860469
40.709505783753116,-74.00186185055634
40.70950251845246,-74.00187523250798
40.7094992531518,-74.00188861445963
40.709495987851135,-74.00190199641128
40.70949272255048,-74.00191537836292
40.709489457249816,-74.00192876031457
40.70948619194915,-74.00194214226622
40.7094829266485,-74.00195552421786
40.709479661347835,-74.00196890616951
40.70947639604717,-74.00198228812116
40.70947313074652,-74.0019956700728
40.709469865445854,-74.00200905202445
40.70946660014519,-74.0020224339761
40.709463334844536,-74.00203581592774
40.70946006954387,-74.00204919787939
40.70945680424321,-74.00206257983103
40.709453538942554,-74.00207596178268
40.70945027364189,-74.00208934373433
40.70944700834123,-74.00210272568597
40.70944374304057,-74.00211610763762
40.70944047773991,-74.00212948958925
40.70943721243925,-74.0021428715409
40.70943394713859,-74.00215625349254
40.70943068183793,-74.00216963544419
40.70942741653727,-74.00218301739584
40.70942415123661,-74.00219639934748
40.70942088593595,-74.00220978129913
40.70941762063529,-74.00222316325078
40.70941435533463,-74.00223654520242
40.70941109003397,-74.00224992715407
40.70940782473331,-74.00226330910571
40.70940455943265,-74.00227669105736
40.709401294131986,-74.00229007300901
40.70939802883133,-74.00230345496065
40.70939476353067,-74.0023168369123
40.709391498230005,-74.00233021886395
40.70938823292935,-74.00234360081559
40.70938496762869,-74.00235698276724
40.709381702328024,-74.00237036471889
40.70937843702737,-74.00238374667053
40.709375171726705,-74.00239712862218
40.70937197582587,-74.00241053899238
40.70936960218492,-74.00242424007331
40.70936827387062,-74.00243818634092
40.70936800415504,-74.00245223844874
40.709368795733084,-74.00246625599273
40.70937064069557,-74.00248009891423
40.70937352060823,-74.00249362889936
40.70937740669596,-74.00250671076094
40.70938226013022,-74.00251921378937
40.709388032417124,-74.00253101305852
40.709394665881874,-74.00254199067398
40.70940209424509,-74.00255203695104
40.70941024328503,-74.00256105151064
40.709419031579166,-74.00256894428226
40.70942837131778,-74.00257563640396
40.70943816918128,-74.00258106101025
40.70944832727266,-74.00258516390026
40.70945874409563,-74.00258790407929
40.70946931556873,-74.00258925416834
40.7094799360653,-74.0025892006778
40.709490499468856,-74.00258774414212
40.70950090023335,-74.00258489911452
40.70951103443779,-74.00258069402157
40.70952080082454,-74.00257517087918
40.70953010181112,-74.00256838487276
40.709538844465115,-74.00256040380583
40.70954694143284,-74.00255130742258
40.709554311812056,-74.00254118661108
40.70956088196038,-74.00253014249512
40.709566586231055,-74.00251828542385
40.7095713676289,-74.00250573386921
40.70957517837975,-74.0024926132422
40.70957899891605,-74.00247211466399
40.70959528485909,-74.00240518759263
40.70961157080213,-74.00233826052127
40.70962785674517,-74.0022713334499
40.70964414268821,-74.00220440637854
40.709660428631246,-74.00213747930718
40.709676714574286,-74.0020705522358
40.709693000517326,-74.00200362516445
40.70970928646037,-74.00193669809309
40.70972557240341,-74.00186977102172
40.70974185834645,-74.00180284395036
40.70975814428949,-74.001735916879
40.70977443023253,-74.00166898980764
40.70979071617557,-74.00160206273627
40.70980700211861,-74.00153513566491
40.70982328806165,-74.00146820859355
40.70983957400469,-74.00140128152218
40.70985585994773,-74.00133435445082
40.70987214589077,-74.00126742737946
40.70988843183381,-74.00120050030809
40.70990471777685,-74.00113357323673
40.709921003719884,-74.00106664616537
40.709937289662925,-74.000999719094
40.709953575605965,-74.00093279202264
40.709969861549006,-74.00086586495128
40.709986147492046,-74.00079893787992
40.710002433435086,-74.00073201080855
40.71001871937813,-74.00066508373719
40.71003500532117,-74.00059815666583
40.71005129126421,-74.00053122959446
40.71006757720725,-74.0004643025231
40.71008386315029,-74.00039737545174
40.71010014909333,-74.00033044838037
40.71011643503637,-74.00026352130901
40.71013272097941,-74.00019659423765
40.71014900692245,-74.00012966716628
40.71016529286548,-74.00006274009492
40.71018157880852,-73.99999581302356
40.710197864751564,-73.9999288859522
40.710214150694604,-73.99986195888083
40.710230436637644,-73.99979503180947
40.710246722580685,-73.99972810473811
40.710263008523725,-73.99966117766674
40.710279294466766,-73.99959425059538
40.710295580409806,-73.99952732352402
40.710311866352846,-73.99946039645265
40.71032815229589,-73.99939346938129
40.71034443823893,-73.99932654230993
40.71036072418197,-73.99925961523856
40.71037701012501,-73.9991926881672
40.71039329606805,-73.99912576109584
40.71040958201108,-73.99905883402448
40.71042586795412,-73.99899190695311
40.71044215389716,-73.99892497988175
40.7104584398402,-73.99885805281039
40.71046428373748,-73.99883403731867
40.7104670302502,-73.9988204588326
40.71046891919258,-73.99880662209769
40.71047148983655,-73.99879298342601
40.71047507639882,-73.9987797525564
40.71047964304365,-73.99876706168735
40.71048514414262,-73.99875503762179
40.710491524730585,-73.99874380050025
40.710498721054805,-73.99873346260031
40.710506661211994,-73.99872412721486
40.71051526586673,-73.99871588761997
40.71052444904414,-73.99870882614296
40.71053411898895,-73.99870301333978
40.71054417908227,-73.99869850729003
40.71055452880698,-73.99869535301667
40.71056506475204,-73.99869358203615
40.71057568164578,-73.99869321204353
40.7105862734077,-73.99869424673567
40.71059673420842,-73.99869667577424
40.71060695952708,-73.9987004748891
40.71061684719566,-73.99870560612075
40.71062629841987,-73.99871201819963
40.71063521876618,-73.99871964705835
40.710643519105446,-73.99872841647188
40.71065111650342,-73.99873823881914
40.71065793504942,-73.9987490159585
40.710663906614776,-73.99876064020832
40.71066897153359,-73.99877299542295
40.71067307919888,-73.99878595815318
40.71067618856818,-73.99879939887967
40.71067826857372,-73.99881318330715
40.71067929843277,-73.99882717370615
40.710679267855326,-73.99884123028924
40.710678177146896,-73.99885521260771
40.71067603720548,-73.99886898095482
40.71067289030251,-73.99888467238232
40.71065660435947,-73.99895159945369
40.71064031841643,-73.99901852652505
40.71062403247339,-73.99908545359641
40.71060774653035,-73.99915238066778
40.71059146058731,-73.99921930773914
40.71057517464427,-73.9992862348105
40.71055888870123,-73.99935316188186
40.71054260275819,-73.99942008895323
40.71052631681515,-73.99948701602459
40.71051003087211,-73.99955394309595
40.71049374492907,-73.99962087016732
40.710477458986034,-73.99968779723868
40.710461173042994,-73.99975472431004
40.71044488709995,-73.99982165138141
40.71042860115691,-73.99988857845277
40.71041231521387,-73.99995550552413
40.71039602927083,-74.0000224325955
40.71037974332779,-74.00008935966686
40.71036345738475,-74.00015628673822
40.71034717144171,-74.00022321380958
40.71033088549867,-74.00029014088095
40.71031459955563,-74.00035706795231
40.71029831361259,-74.00042399502367
40.71028202766955,-74.00049092209504
40.71026574172651,-74.0005578491664
40.71024945578347,-74.00062477623776
40.710233169840436,-74.00069170330913
40.710216883897395,-74.00075863038049
40.710200597954355,-74.00082555745185
40.710184312011314,-74.00089248452322
40.710168026068274,-74.00095941159458
40.710151740125234,-74.00102633866594
40.71013545418219,-74.0010932657373
40.71011916823915,-74.00116019280867
40.71010288229611,-74.00122711988003
40.71008659635307,-74.00129404695139
40.71007031041003,-74.00136097402276
40.71005402446699,-74.00142790109412
40.71003773852395,-74.00149482816548
40.71002145258091,-74.00156175523685
40.71000516663787,-74.00162868230821
40.70998888069484,-74.00169560937957
40.7099725947518,-74.00176253645094
40.709956308808756,-74.0018294635223
40.709940022865716,-74.00189639059366
40.709923736922676,-74.00196331766502
40.709907450979635,-74.00203024473639
40.709891165036595,-74.00209717180775
40.709874879093555,-74.0021640988791
40.709858593150514,-74.00223102595048
40.709842307207474,-74.00229795302184
40.70982602126443,-74.0023648800932
40.70980973532139,-74.00243180716457
40.70979344937835,-74.00249873423593
40.70977716343531,-74.00256566130729
40.70976087749227,-74.00263258837866
40.70974459154923,-74.00269951545002
40.7097283056062,-74.00276644252138
40.70971201966316,-74.00283336959274
40.70969573372012,-74.00290029666411
40.70967944777708,-74.00296722373547
40.70966316183404,-74.00303415080683
40.709646875890996,-74.0031010778782
40.709630589947956,-74.00316800494956
40.709614304004916,-74.00323493202092
40.709598018061875,-74.00330185909229
40.709581732118835,-74.00336878616365
40.709565446175795,-74.003435713235
40.709549160232754,-74.00350264030638
40.709532874289714,-74.00356956737774
40.70951658834667,-74.0036364944491
40.70950030240363,-74.00370342152046
40.7094840164606,-74.00377034859183
40.70946773051756,-74.00383727566319
40.70945144457452,-74.00390420273455
40.70943515863148,-74.00397112980592
40.70941887268844,-74.00403805687728
40.7094025867454,-74.00410498394864
40.70938630080236,-74.00417191102001
40.70937001485932,-74.00423883809137
40.70936486765341,-74.00425999053037
40.70936156781688,-74.00427335763193
40.70935826704062,-74.00428672432898
40.709354966264364,-74.00430009102601
40.70935166548811,-74.00431345772306
40.70934836471185,-74.00432682442009
40.70934506393559,-74.00434019111712
40.70934176315933,-74.00435355781417
40.70933846238307,-74.0043669245112
40.709335161606816,-74.00438029120825
40.70933186083056,-74.00439365790528
40.709328560054296,-74.00440702460232
40.70932525927804,-74.00442039129936
40.70932195850178,-74.0044337579964
40.709318657725525,-74.00444712469344
40.70931535694927,-74.00446049139047
40.70931205617301,-74.00447385808751
40.70930875539675,-74.00448722478455
40.70930545462049,-74.00450059148159
40.709302153844234,-74.00451395817863
40.70929885306798,-74.00452732487567
40.70929555229172,-74.00454069157271
40.709292251515464,-74.00455405826975
40.7092889507392,-74.00456742496678
40.70928564996294,-74.00458079166383
40.70928234918669,-74.00459415836086
40.70927904841043,-74.0046075250579
40.70927574763417,-74.00462089175494
40.70927244685791,-74.00463425845197
40.70926914608165,-74.00464762514902
40.709265845305396,-74.00466099184605
40.70926254452914,-74.0046743585431
40.70925924375288,-74.00468772524013
40.709255942976625,-74.00470109193716
40.70925264220036,-74.00471445863421
40.709249341424105,-74.00472782533124
40.70924604064785,-74.00474119202829
40.70924273987159,-74.00475455872532
40.709239439095334,-74.00476792542236
40.70923613831907,-74.0047812921194
40.709232837542814,-74.00479465881644
40.70922953676656,-74.00480802551348
40.7092262359903,-74.00482139221052
40.709222935214044,-74.00483475890755
40.70921963443779,-74.0048481256046
40.70921633366152,-74.00486149230163
40.709213032885266,-74.00487485899868
40.70920973210901,-74.00488822569571
40.70920693394349,-74.00490178569733
40.709205172556416,-74.00491564767593
40.70920446557372,-74.0049296731388
40.70920482005934,-74.00494372194814
40.70920623247139,-74.00495765373287
40.70920868869749,-74.00497132929125
40.70921216419586,-74.00498461198158
40.70921662424046,-74.00499736908763
40.70922202426801,-74.00500947314461
40.709228310323205,-74.00502080321279
40.70923541959787,-74.00503124608585
40.70924328105847,-74.00504069742207
40.709251816155906,-74.00504906278682
40.709260939610296,-74.00505625859616
40.7092705602631,-74.0050622129519
40.70928058198793,-74.00506686636012
40.70929090465104,-74.0050701723255
40.70930142511178,-74.00507209781591
40.709312038253195,-74.00507262359251
40.70932263803227,-74.00507174440189
40.70933311853952,-74.00506946902864
40.70934337505719,-74.00506582020755
40.70935330510553,-74.00506083439642
40.709362809466796,-74.00505456141182
40.709371793176544,-74.00504706393137
40.70938016647251,-74.00503841686738
40.7093878456915,-74.00502870661848
40.7093947541053,-74.00501803020624
40.7094008226873,-74.00500649430587
40.70940599080225,-74.00499421418027
40.70941283244201,-74.00497078286023
40.70942911838505,-74.00490385578887
40.70944540432809,-74.0048369287175
40.709461690271134,-74.00477000164614
40.709477976214174,-74.00470307457478
40.709494262157214,-74.0046361475034
40.709510548100255,-74.00456922043205
40.709526834043295,-74.00450229336069
40.709543119986336,-74.00443536628931
40.709559405929376,-74.00436843921796
40.709575691872416,-74.0043015121466
40.70959197781546,-74.00423458507522
40.7096082637585,-74.00416765800387
40.70962454970154,-74.0041007309325
40.70964083564458,-74.00403380386115
40.70965712158761,-74.00396687678978
40.70967340753065,-74.00389994971842
40.70968969347369,-74.00383302264706
40.70970597941673,-74.00376609557568
40.70972226535977,-74.00369916850433
40.70973855130281,-74.00363224143297
40.70975483724585,-74.0035653143616
40.709771123188894,-74.00349838729024
40.709787409131934,-74.00343146021888
40.709803695074974,-74.0033645331475
40.709819981018015,-74.00329760607615
40.709836266961055,-74.00323067900479
40.709852552904096,-74.00316375193343
40.709868838847136,-74.00309682486206
40.709885124790176,-74.0030298977907
40.70990141073321,-74.00296297071934
40.70991769667625,-74.00289604364797
40.70993398261929,-74.0028291165766
40.70995026856233,-74.00276218950525
40.70996655450537,-74.00269526243387
40.70998284044841,-74.00262833536252
40.70999912639145,-74.00256140829116
40.71001541233449,-74.00249448121978
40.71003169827753,-74.00242755414843
40.71004798422057,-74.00236062707707
40.71006427016361,-74.00229370000571
40.710080556106654,-74.00222677293434
40.710096842049694,-74.00215984586298
40.710113127992734,-74.00209291879162
40.710129413935775,-74.00202599172025
40.71014569987881,-74.00195906464889
40.71016198582185,-74.00189213757753
40.71017827176489,-74.00182521050615
40.71019455770793,-74.0017582834348
40.71021084365097,-74.00169135636344
40.71022712959401,-74.00162442929206
40.71024341553705,-74.0015575022207
40.71025970148009,-74.00149057514935
40.71027598742313,-74.00142364807799
40.71029227336617,-74.00135672100662
40.71030855930921,-74.00128979393526
40.71032484525225,-74.0012228668639
40.71034113119529,-74.00115593979253
40.71035741713833,-74.00108901272117
40.71037370308137,-74.00102208564981
40.71038998902441,-74.00095515857844
40.71040627496745,-74.00088823150708
40.71042256091049,-74.00082130443572
40.71043884685353,-74.00075437736434
40.71045513279657,-74.00068745029299
40.71047141873961,-74.00062052322163
40.71048770468265,-74.00055359615027
40.71050399062569,-74.0004866690789
40.71052027656873,-74.00041974200754
40.71053656251177,-74.00035281493618
40.71055284845481,-74.0002858878648
40.71056913439785,-74.00021896079345
40.71058542034089,-74.00015203372209
40.71060170628393,-74.00008510665072
40.71061799222697,-74.00001817957936
40.710634278170005,-73.999951252508
40.710650564113045,-73.99988432543662
40.710666850056086,-73.99981739836527
40.710683135999126,-73.99975047129391
40.71069942194217,-73.99968354422255
40.71071570788521,-73.99961661715118
40.71073199382825,-73.99954969007982
40.71074827977129,-73.99948276300846
40.71076456571433,-73.99941583593709
40.71078085165737,-73.99934890886573
40.71079713760041,-73.99928198179437
40.71081342354345,-73.999215054723
40.71082970948649,-73.99914812765164
40.71084599542953,-73.99908120058028
40.71086228137257,-73.9990142735089
40.7108785673156,-73.99894734643755
40.710881496867536,-73.99893530744598
40.71088424338026,-73.99892172895989
40.7108862843606,-73.998907929983
40.71088916070718,-73.99889439866912
40.710893043346864,-73.9988813150142
40.71089789348559,-73.9988688097458
40.71090366266237,-73.99885700781243
40.710910293233496,-73.99884602713512
40.71091771894851,-73.99883597742914
40.710925865612104,-73.99882695910784
40.71093465182552,-73.99881906227932
40.710943989799816,-73.99881236584608
40.710953786233034,-73.99880693671665
40.710963943242454,-73.9988028291371
40.71097435934259,-73.99880008414902
40.71098493045923,-73.99879872917941
40.71099555096926,-73.9987987777667
40.711006114756046,-73.99880022942538
40.71101651626973,-73.998803069651
40.711026651581825,-73.99880727006494
40.71103641942365,-73.99881278869806
40.71104572219815,-73.99881957041
40.711054466955076,-73.99882754744014
40.71106256631971,-73.99883664008463
40.711069939365885,-73.99884675749277
40.71107651242455,-73.99885779857476
40.71108221981988,-73.99886965301177
40.71108700452547,-73.99888220235816
40.711090818734114,-73.99889532122504
40.71109362433551,-73.998908878533
40.711095393297015,-73.99892273882193
40.71109610794375,-73.99893676360438
40.7110957611352,-73.99895081274936
40.71109435633655,-73.99896474588247
40.71109010343257,-73.99898594250962
40.71107381748953,-73.99905286958098
40.71105753154649,-73.99911979665234
40.71104124560345,-73.99918672372371
40.711024959660406,-73.99925365079507
40.711008673717366,-73.99932057786643
40.710992387774326,-73.9993875049378
40.710976101831285,-73.99945443200916
40.710959815888245,-73.99952135908052
40.710943529945204,-73.99958828615189
40.710927244002164,-73.99965521322325
40.710910958059124,-73.99972214029461
40.71089467211609,-73.99978906736597
40.71087838617305,-73.99985599443734
40.71086210023001,-73.9999229215087
40.71084581428697,-73.99998984858006
40.71082952834393,-74.00005677565143
40.71081324240089,-74.00012370272279
40.71079695645785,-74.00019062979415
40.71078067051481,-74.00025755686552
40.71076438457177,-74.00032448393688
40.71074809862873,-74.00039141100824
40.71073181268569,-74.00045833807961
40.710715526742646,-74.00052526515097
40.710699240799606,-74.00059219222233
40.710682954856566,-74.00065911929369
40.710666668913525,-74.00072604636506
40.71065038297049,-74.00079297343642
40.71063409702745,-74.00085990050778
40.71061781108441,-74.00092682757915
40.71060152514137,-74.00099375465051
40.71058523919833,-74.00106068172187
40.71056895325529,-74.00112760879324
40.71055266731225,-74.0011945358646
40.71053638136921,-74.00126146293596
40.71052009542617,-74.00132839000733
40.71050380948313,-74.00139531707869
40.71048752354009,-74.00146224415005
40.71047123759705,-74.0015291712214
40.71045495165401,-74.00159609829278
40.71043866571097,-74.00166302536414
40.71042237976793,-74.0017299524355
40.710406093824886,-74.00179687950687
40.71038980788185,-74.00186380657823
40.71037352193881,-74.00193073364959
40.71035723599577,-74.00199766072096
40.71034095005273,-74.00206458779232
40.71032466410969,-74.00213151486368
40.71030837816665,-74.00219844193505
40.71029209222361,-74.00226536900641
40.71027580628057,-74.00233229607777
40.71025952033753,-74.00239922314913
40.71024323439449,-74.0024661502205
40.71022694845145,-74.00253307729186
40.71021066250841,-74.00260000436322
40.71019437656537,-74.00266693143459
40.71017809062233,-74.00273385850595
40.71016180467929,-74.0028007855773
40.710145518736255,-74.00286771264868
40.710129232793214,-74.00293463972004
40.710112946850174,-74.0030015667914
40.71009666090713,-74.00306849386277
40.71008037496409,-74.00313542093413
40.71006408902105,-74.00320234800549
40.71004780307801,-74.00326927507685
40.71003151713497,-74.00333620214822
40.71001523119193,-74.00340312921958
40.70999894524889,-74.00347005629094
40.70998265930585,-74.00353698336231
40.70996637336281,-74.00360391043367
40.70995008741977,-74.00367083750503
40.70993380147673,-74.0037377645764
40.70991751553369,-74.00380469164776
40.709901229590656,-74.00387161871912
40.709884943647616,-74.00393854579049
40.709868657704575,-74.00400547286185
40.709852371761535,-74.00407239993321
40.709836085818495,-74.00413932700457
40.709819799875454,-74.00420625407594
40.709803513932414,-74.0042731811473
40.70978722798937,-74.00434010821866
40.70977094204633,-74.00440703529003
40.70975465610329,-74.00447396236139
40.70973837016025,-74.00454088943275
40.70972208421721,-74.00460781650412
40.70970579827417,-74.00467474357548
40.70968951233113,-74.00474167064684
40.70967322638809,-74.00480859771821
40.70965694044506,-74.00487552478957
40.70964065450202,-74.00494245186093
40.70962436855898,-74.00500937893229
40.70962341508805,-74.00501329722037
40.70962066857533,-74.00502687570645
40.70961896000477,-74.00504074926015
40.70961830644783,-74.00505477926151
40.70961871443464,-74.00506882552739
40.70962017988874,-74.00508274771214
40.70962268816778,-74.0050964067099
40.70962621420988,-74.00510966604448
40.709630722783984,-74.00512239323298
40.70963616884192,-74.00513446110955
40.70964249796846,-74.00514574909595
40.70964964692508,-74.00515614440636
40.70965754428176,-74.00516554317427
40.70966611113073,-74.0051738514903
40.709675261874864,-74.00518098634049
40.709684905082945,-74.0051868764358
40.709694944403225,-74.00519146292432
40.70970527952615,-74.00519469997938
40.70971580718657,-74.00519655525741
40.709726422195594,-74.00519701022107
40.70973701849155,-74.00519606032452
40.70974749019977,-74.00519371505881
40.709757732690385,-74.00518999785706
40.70976764362383,-74.00518494586031
40.709777123973325,-74.00517860954646
40.70978607901435,-74.00517105222586
40.709794419271105,-74.00516234940875
40.7098020614105,-74.0051525880508
40.709808929074796,-74.0051418656843
40.70981495364457,-74.00513028944356
40.70982007492431,-74.00511797499455
40.709824241743874,-74.0051050453792
40.709827412469785,-74.00509162978592
40.709829794329046,-74.00507792580439
40.709833997734094,-74.0050558115805
40.709850283677135,-74.00498888450915
40.70986656962017,-74.00492195743779
40.70988285556321,-74.00485503036641
40.70989914150625,-74.00478810329506
40.70991542744929,-74.0047211762237
40.70993171339233,-74.00465424915232
40.70994799933537,-74.00458732208097
40.70996428527841,-74.0045203950096
40.70998057122145,-74.00445346793823
40.70999685716449,-74.00438654086688
40.71001314310753,-74.00431961379552
40.71002942905057,-74.00425268672416
40.71004571499361,-74.00418575965278
40.71006200093665,-74.00411883258143
40.71007828687969,-74.00405190551007
40.71009457282273,-74.0039849784387
40.710110858765766,-74.00391805136734
40.71012714470881,-74.00385112429598
40.71014343065185,-74.0037841972246
40.71015971659489,-74.00371727015325
40.71017600253793,-74.00365034308189
40.71019228848097,-74.00358341601051
40.71020857442401,-74.00351648893916
40.71022486036705,-74.0034495618678
40.71024114631009,-74.00338263479644
40.71025743225313,-74.00331570772506
40.71027371819617,-74.0032487806537
40.71029000413921,-74.00318185358235
40.71030629008225,-74.00311492651097
40.71032257602529,-74.00304799943962
40.71033886196833,-74.00298107236826
40.710355147911365,-74.00291414529688
40.710371433854405,-74.00284721822553
40.710387719797446,-74.00278029115417
40.710404005740486,-74.0027133640828
40.710420291683526,-74.00264643701144
40.71043657762657,-74.00257950994008
40.71045286356961,-74.00251258286872
40.71046914951265,-74.00244565579735
40.71048543545569,-74.00237872872599
40.71050172139873,-74.00231180165463
40.71051800734177,-74.00224487458325
40.71053429328481,-74.0021779475119
40.71055057922785,-74.00211102044054
40.71056686517089,-74.00204409336916
40.71058315111393,-74.0019771662978
40.71059943705696,-74.00191023922645
40.710615723000004,-74.00184331215507
40.710632008943044,-74.00177638508372
40.710648294886084,-74.00170945801236
40.710664580829125,-74.001642530941
40.710680866772165,-74.00157560386963
40.710697152715206,-74.00150867679827
40.710713438658246,-74.00144174972691
40.710729724601286,-74.00137482265554
40.71074601054433,-74.00130789558418
40.71076229648737,-74.00124096851282
40.71077858243041,-74.00117404144144
40.71079486837345,-74.00110711437009
40.71081115431649,-74.00104018729873
40.71082744025953,-74.00097326022735
40.71084372620256,-74.000906333156
40.7108600121456,-74.00083940608464
40.71087629808864,-74.00077247901328
40.71089258403168,-74.0007055519419
40.71090886997472,-74.00063862487055
40.710925155917764,-74.00057169779919
40.710941441860804,-74.00050477072782
40.710957727803844,-74.00043784365646
40.710974013746885,-74.0003709165851
40.710990299689925,-74.00030398951372
40.711006585632965,-74.00023706244237
40.711022871576006,-74.00017013537101
40.711039157519046,-74.00010320829963
40.71105544346209,-74.00003628122828
40.71107172940513,-73.99996935415692
40.71108801534816,-73.99990242708556
40.7111043012912,-73.99983550001419
40.71112058723424,-73.99976857294283
40.71113687317728,-73.99970164587147
40.71115315912032,-73.9996347188001
40.71116944506336,-73.99956779172874
40.7111857310064,-73.99950086465738
40.71120201694944,-73.999433937586
40.71121830289248,-73.99936701051465
40.711234588835524,-73.99930008344329
40.711250874778564,-73.99923315637191
40.711267160721604,-73.99916622930056
40.711283446664645,-73.9990993022292
40.71129870999759,-73.99903657757326
40.71130145651031,-73.99902299908719
40.71130349749119,-73.99900920011045
40.711306373838696,-73.99899566879691
40.71131025647927,-73.99898258514244
40.711315106618855,-73.99897007987462
40.711320875796446,-73.99895827794195
40.71132750636833,-73.99894729726543
40.71133493208403,-73.99893724756035
40.71134307874824,-73.99892822924004
40.711351864962204,-73.99892033241257
40.711361202936956,-73.99891363598044
40.711370999370544,-73.99890820685219
40.71138115638025,-73.99890409927386
40.71139157248058,-73.99890135428703
40.711402143597304,-73.9988999993187
40.71141276410733,-73.99890004790724
40.71142332789402,-73.99890149956721
40.71143372940751,-73.99890433979407
40.711443864719314,-73.99890854020923
40.71145363256076,-73.99891405884352
40.711462935334794,-73.99892084055658
40.71147168009118,-73.99892881758777
40.71147977945519,-73.99893791023324
40.711487152500666,-73.99894802764226
40.711493725558576,-73.99895906872504
40.71149943295309,-73.99897092316273
40.71150421765782,-73.9989834725097
40.71150803186557,-73.99899659137704
40.71151083746604,-73.99901014868534
40.71151260642659,-73.99902400897447
40.71151332107236,-73.999038033757
40.711512974262845,-73.99905208290195
40.71151156946325,-73.99906601603489
40.711507316562624,-73.99908721263691
40.711491030619584,-73.99915413970828
40.71147474467654,-73.99922106677964
40.7114584587335,-73.999287993851
40.71144217279046,-73.99935492092237
40.71142588684742,-73.99942184799373
40.71140960090438,-73.99948877506509
40.71139331496134,-73.99955570213645
40.7113770290183,-73.99962262920782
40.71136074307526,-73.99968955627918
40.71134445713222,-73.99975648335054
40.71132817118918,-73.99982341042191
40.71131188524615,-73.99989033749327
40.71129559930311,-73.99995726456463
40.711279313360066,-74.000024191636
40.711263027417026,-74.00009111870736
40.711246741473985,-74.00015804577872
40.711230455530945,-74.00022497285009
40.711214169587905,-74.00029189992145
40.711197883644864,-74.00035882699281
40.711181597701824,-74.00042575406417
40.71116531175878,-74.00049268113554
40.71114902581574,-74.0005596082069
40.7111327398727,-74.00062653527826
40.71111645392966,-74.00069346234963
40.71110016798662,-74.00076038942099
40.71108388204358,-74.00082731649235
40.71106759610054,-74.00089424356372
40.71105131015751,-74.00096117063508
40.71103502421447,-74.00102809770644
40.71101873827143,-74.00109502477781
40.71100245232839,-74.00116195184917
40.71098616638535,-74.00122887892053
40.710969880442306,-74.00129580599189
40.710953594499266,-74.00136273306326
40.710937308556225,-74.00142966013462
40.710921022613185,-74.00149658720598
40.710904736670145,-74.00156351427735
40.710888450727104,-74.00163044134871
40.710872164784064,-74.00169736842007
40.71085587884102,-74.00176429549144
40.71083959289798,-74.0018312225628
40.71082330695494,-74.00189814963416
40.71080702101191,-74.00196507670553
40.71079073506887,-74.00203200377689
40.71077444912583,-74.00209893084825
40.71075816318279,-74.00216585791961
40.71074187723975,-74.00223278499098
40.71072559129671,-74.00229971206234
40.71070930535367,-74.0023666391337
40.71069301941063,-74.00243356620507
40.71067673346759,-74.00250049327643
40.710660447524546,-74.00256742034779
40.710644161581506,-74.00263434741916
40.710627875638465,-74.00270127449052
40.710611589695425,-74.00276820156188
40.710595303752385,-74.00283512863325
40.710579017809344,-74.00290205570461
40.71056273186631,-74.00296898277597
40.71054644592327,-74.00303590984733
40.71053015998023,-74.0031028369187
40.71051387403719,-74.00316976399006
40.71049758809415,-74.00323669106142
40.71048130215111,-74.00330361813279
40.71046501620807,-74.00337054520415
40.71044873026503,-74.00343747227551
40.71043244432199,-74.00350439934688
40.71041615837895,-74.00357132641824
40.71039987243591,-74.0036382534896
40.71038358649287,-74.00370518056097
40.71036730054983,-74.00377210763233
40.710351014606786,-74.00383903470369
40.710334728663746,-74.00390596177505
40.71031844272071,-74.00397288884642
40.71030215677767,-74.00403981591778
40.71028587083463,-74.00410674298914
40.71026958489159,-74.00417367006051
40.71025329894855,-74.00424059713187
40.71023701300551,-74.00430752420323
40.71022072706247,-74.0043744512746
40.71020444111943,-74.00444137834596
40.71018815517639,-74.00450830541732
40.71017186923335,-74.00457523248869
40.71015558329031,-74.00464215956005
40.71013929734727,-74.00470908663141
40.71012301140423,-74.00477601370277
40.71010672546119,-74.00484294077414
40.71009043951815,-74.0049098678455
40.710074153575114,-74.00497679491686
40.710057867632074,-74.00504372198823
40.71004458038013,-74.00509832594065
40.71004183386741,-74.00511190442673
40.71004012529684,-74.00512577798044
40.710039471739904,-74.00513980798179
40.710039879726715,-74.00515385424767
40.71004134518081,-74.00516777643242
40.71004385345986,-74.00518143543017
40.71004737950195,-74.00519469476475
40.71005188807606,-74.00520742195326
40.71005733413399,-74.00521948982983
40.710063663260534,-74.00523077781624
40.710070812217154,-74.00524117312665
40.710078709573835,-74.00525057189455
40.710087276422804,-74.00525888021058
40.71009642716694,-74.00526601506078
40.71010607037502,-74.00527190515608
40.710116109695306,-74.00527649164461
40.71012644481822,-74.00527972869968
40.710136972478644,-74.00528158397769
40.71014758748767,-74.00528203894136
40.71015818378363,-74.0052810890448
40.71016865549184,-74.00527874377909
40.71017889798246,-74.00527502657734
40.7101888089159,-74.0052699745806
40.7101982892654,-74.00526363826674
40.710207244306424,-74.00525608094614
40.71021558456318,-74.00524737812903
40.710223226702574,-74.00523761677108
40.71023009436687,-74.00522689440457
40.71023611893664,-74.00521531816383
40.710241240216384,-74.00520300371484
40.71024540703595,-74.00519007409947
40.71024857776187,-74.00517665850622
40.710250959616225,-74.00516295452321
40.71025516302617,-74.0051408403008
40.71027144896921,-74.00507391322942
40.71028773491225,-74.00500698615807
40.71030402085529,-74.0049400590867
40.71032030679832,-74.00487313201533
40.71033659274136,-74.00480620494397
40.710352878684404,-74.00473927787262
40.710369164627444,-74.00467235080124
40.710385450570485,-74.00460542372988
40.710401736513525,-74.00453849665853
40.710418022456565,-74.00447156958717
40.710434308399606,-74.0044046425158
40.710450594342646,-74.00433771544444
40.710466880285686,-74.00427078837308
40.71048316622873,-74.0042038613017
40.71049945217177,-74.00413693423035
40.71051573811481,-74.00407000715899
40.71053202405785,-74.00400308008761
40.71054831000089,-74.00393615301626
40.71056459594392,-74.0038692259449
40.71058088188696,-74.00380229887352
40.71059716783,-74.00373537180216
40.71061345377304,-74.0036684447308
40.71062973971608,-74.00360151765945
40.71064602565912,-74.00353459058807
40.710662311602164,-74.00346766351672
40.710678597545204,-74.00340073644536
40.710694883488244,-74.00333380937398
40.710711169431285,-74.00326688230263
40.710727455374325,-74.00319995523127
40.710743741317366,-74.0031330281599
40.710760027260406,-74.00306610108854
40.710776313203446,-74.00299917401718
40.71079259914649,-74.0029322469458
40.71080888508952,-74.00286531987445
40.71082517103256,-74.00279839280309
40.7108414569756,-74.00273146573173
40.71085774291864,-74.00266453866035
40.71087402886168,-74.002597611589
40.71089031480472,-74.00253068451764
40.71090660074776,-74.00246375744626
40.7109228866908,-74.0023968303749
40.71093917263384,-74.00232990330355
40.71095545857688,-74.00226297623217
40.710971744519924,-74.00219604916082
40.710988030462964,-74.00212912208946
40.711004316406004,-74.00206219501808
40.711020602349045,-74.00199526794673
40.711036888292085,-74.00192834087537
40.71105317423512,-74.00186141380401
40.71106946017816,-74.00179448673263
40.7110857461212,-74.00172755966128
40.71110203206424,-74.00166063258992
40.71111831800728,-74.00159370551854
40.71113460395032,-74.00152677844719
40.71115088989336,-74.00145985137583
40.7111671758364,-74.00139292430445
40.71118346177944,-74.0013259972331
40.71119974772248,-74.00125907016174
40.71121603366552,-74.00119214309036
40.71123231960856,-74.001125216019
40.7112486055516,-74.00105828894765
40.71126489149464,-74.00099136187629
40.711281177437684,-74.00092443480492
40.71129746338072,-74.00085750773356
40.71131374932376,-74.0007905806622
40.7113300352668,-74.00072365359082
40.71134632120984,-74.00065672651947
40.71136260715288,-74.00058979944811
40.71137889309592,-74.00052287237673
40.71139517903896,-74.00045594530538
40.711411464982,-74.00038901823402
40.71142775092504,-74.00032209116264
40.71144403686808,-74.00025516409129
40.71146032281112,-74.00018823701993
40.71147660875416,-74.00012130994857
40.7114928946972,-74.0000543828772
40.71150918064024,-73.99998745580584
40.71152546658328,-73.99992052873448
40.711541752526315,-73.9998536016631
40.711558038469356,-73.99978667459175
40.711574324412396,-73.99971974752039
40.71159061035544,-73.99965282044901
40.71160689629848,-73.99958589337766
40.71162318224152,-73.9995189663063
40.71163946818456,-73.99945203923492
40.7116557541276,-73.99938511216357
40.71167204007064,-73.9993181850922
40.71168832601368,-73.99925125802085
40.71170461195672,-73.99918433094948
40.71171592312765,-73.99913784770057
40.71171866964037,-73.99912426921448
40.711720710621776,-73.99911047023788
40.71172358697022,-73.99909693892468
40.7117274696117,-73.9990838552707
40.711732319752144,-73.99907135000346
40.711738088930545,-73.99905954807149
40.71174471950319,-73.99904856739576
40.71175214521958,-73.99903851769157
40.71176029188442,-73.99902949937226
40.71176907809892,-73.99902160254585
40.71177841607413,-73.99901490611485
40.7117882125081,-73.99900947698778
40.71179836951808,-73.99900536941068
40.7118087856186,-73.9990026244251
40.711819356735425,-73.99900126945803
40.71182997724544,-73.99900131804787
40.71184054103203,-73.99900276970911
40.711850942545325,-73.99900560993723
40.711861077856845,-73.99900981035361
40.71187084569791,-73.99901532898909
40.71188014847148,-73.99902211070327
40.71188889322731,-73.99903008773552
40.711896992590695,-73.99903918038196
40.711904365635476,-73.99904929779187
40.711910938692625,-73.99906033887544
40.71191664608632,-73.99907219331382
40.711921430790184,-73.99908474266137
40.71192524499703,-73.99909786152917
40.71192805059656,-73.9991114188378
40.71192981955616,-73.99912527912716
40.71193053420097,-73.99913930390977
40.711930187390486,-73.99915335305468
40.71192878258992,-73.99916728618744
40.71192452969268,-73.99918848276421
40.71190824374964,-73.99925540983557
40.7118919578066,-73.99932233690693
40.71187567186356,-73.9993892639783
40.71185938592052,-73.99945619104966
40.71184309997748,-73.99952311812102
40.71182681403444,-73.99959004519239
40.7118105280914,-73.99965697226375
40.71179424214836,-73.99972389933511
40.71177795620532,-73.99979082640648
40.71176167026228,-73.99985775347784
40.71174538431924,-73.9999246805492
40.7117290983762,-73.99999160762056
40.71171281243316,-74.00005853469193
40.71169652649012,-74.00012546176329
40.71168024054708,-74.00019238883465
40.71166395460404,-74.00025931590602
40.711647668661,-74.00032624297738
40.71163138271796,-74.00039317004874
40.71161509677492,-74.00046009712011
40.71159881083188,-74.00052702419147
40.71158252488884,-74.00059395126283
40.7115662389458,-74.0006608783342
40.71154995300276,-74.00072780540556
40.71153366705972,-74.00079473247692
40.71151738111668,-74.00086165954828
40.71150109517364,-74.00092858661965
40.7114848092306,-74.00099551369101
40.711468523287564,-74.00106244076237
40.711452237344524,-74.00112936783374
40.711435951401484,-74.0011962949051
40.71141966545844,-74.00126322197646
40.7114033795154,-74.00133014904783
40.71138709357236,-74.00139707611919
40.71137080762932,-74.00146400319055
40.71135452168628,-74.00153093026192
40.71133823574324,-74.00159785733328
40.7113219498002,-74.00166478440464
40.71130566385716,-74.001731711476
40.71128937791412,-74.00179863854737
40.71127309197108,-74.00186556561873
40.71125680602804,-74.00193249269009
40.711240520085,-74.00199941976146
40.711224234141966,-74.00206634683282
40.711207948198926,-74.00213327390418
40.711191662255885,-74.00220020097555
40.711175376312845,-74.00226712804691
40.711159090369804,-74.00233405511827
40.711142804426764,-74.00240098218964
40.711126518483724,-74.002467909261
40.71111023254068,-74.00253483633236
40.71109394659764,-74.00260176340372
40.7110776606546,-74.00266869047509
40.71106137471156,-74.00273561754645
40.71104508876852,-74.00280254461781
40.71102880282548,-74.00286947168918
40.71101251688244,-74.00293639876054
40.7109962309394,-74.0030033258319
40.71097994499637,-74.00307025290327
40.71096365905333,-74.00313717997463
40.71094737311029,-74.00320410704599
40.710931087167246,-74.00327103411736
40.710914801224206,-74.00333796118872
40.710898515281166,-74.00340488826008
40.710882229338125,-74.00347181533144
40.710865943395085,-74.00353874240281
40.710849657452044,-74.00360566947417
40.710833371509004,-74.00367259654553
40.710817085565964,-74.0037395236169
40.71080079962292,-74.00380645068826
40.71078451367988,-74.00387337775962
40.71076822773684,-74.00394030483099
40.7107519417938,-74.00400723190235
40.71073565585077,-74.00407415897371
40.71071936990773,-74.00414108604508
40.71070308396469,-74.00420801311644
40.71068679802165,-74.0042749401878
40.71067051207861,-74.00434186725916
40.71065422613557,-74.00440879433053
40.71063794019253,-74.00447572140189
40.710621654249486,-74.00454264847325
40.710605368306446,-74.00460957554462
40.710589082363406,-74.00467650261598
40.710572796420365,-74.00474342968734
40.710556510477325,-74.00481035675871
40.710540224534284,-74.00487728383007
40.710523938591244,-74.00494421090143
40.710507652648204,-74.0050111379728
40.71049136670517,-74.00507806504416
40.71047508076213,-74.00514499211552
40.7104657456722,-74.00518335466093
40.71046299915948,-74.00519693314702
40.71046129058892,-74.00521080670072
40.71046063703198,-74.00522483670207
40.71046104501879,-74.00523888296794
40.71046251047289,-74.00525280515271
40.71046501875193,-74.00526646415047
40.71046854479403,-74.00527972348503
40.71047305336813,-74.00529245067354
40.71047849942607,-74.0053045185501
40.71048482855261,-74.00531580653652
40.71049197750923,-74.00532620184693
40.71049987486592,-74.00533560061484
40.71050844171488,-74.00534390893087
40.71051759245901,-74.00535104378106
40.710527235667094,-74.00535693387636
40.71053727498738,-74.00536152036489
40.7105476101103,-74.00536475741995
40.710558137770725,-74.00536661269798
40.71056875277974,-74.00536706766164
40.71057934907571,-74.00536611776509
40.710589820783916,-74.00536377249938
40.71060006327453,-74.00536005529761
40.710609974207976,-74.00535500330088
40.710619454557474,-74.00534866698703
40.710628409598506,-74.00534110966642
40.710636749855254,-74.00533240684932
40.71064439199465,-74.00532264549138
40.710651259658945,-74.00531192312486
40.71065728422872,-74.00530034688411
40.71066240550846,-74.00528803243512
40.71066657232802,-74.00527510281977
40.71066974305394,-74.0052616872265
40.71067204716008,-74.00524796076954
40.71067632831824,-74.00522586902107
40.71069261426128,-74.00515894194972
40.710708900204324,-74.00509201487834
40.710725186147364,-74.00502508780698
40.710741472090405,-74.00495816073563
40.710757758033445,-74.00489123366425
40.71077404397648,-74.0048243065929
40.71079032991952,-74.00475737952154
40.71080661586256,-74.00469045245018
40.7108229018056,-74.0046235253788
40.71083918774864,-74.00455659830745
40.71085547369168,-74.00448967123609
40.71087175963472,-74.00442274416471
40.71088804557776,-74.00435581709336
40.7109043315208,-74.004288890022
40.71092061746384,-74.00422196295062
40.71093690340688,-74.00415503587926
40.71095318934992,-74.0040881088079
40.71096947529296,-74.00402118173653
40.710985761236,-74.00395425466517
40.71100204717904,-74.00388732759382
40.71101833312208,-74.00382040052246
40.71103461906512,-74.00375347345108
40.71105090500816,-74.00368654637973
40.7110671909512,-74.00361961930837
40.71108347689424,-74.003552692237
40.71109976283728,-74.00348576516564
40.71111604878032,-74.00341883809428
40.71113233472336,-74.0033519110229
40.7111486206664,-74.00328498395154
40.71116490660944,-74.00321805688019
40.71118119255248,-74.00315112980881
40.71119747849552,-74.00308420273745
40.71121376443856,-74.0030172756661
40.7112300503816,-74.00295034859474
40.71124633632464,-74.00288342152336
40.711262622267675,-74.002816494452
40.711278908210716,-74.00274956738065
40.711295194153756,-74.00268264030927
40.711311480096796,-74.00261571323792
40.71132776603984,-74.00254878616656
40.71134405198288,-74.00248185909518
40.71136033792592,-74.00241493202383
40.71137662386896,-74.00234800495247
40.711392909812,-74.0022810778811
40.71140919575504,-74.00221415080973
40.71142548169808,-74.00214722373838
40.71144176764112,-74.00208029666702
40.71145805358416,-74.00201336959564
40.7114743395272,-74.00194644252429
40.71149062547024,-74.00187951545293
40.711506911413274,-74.00181258838155
40.711523197356314,-74.0017456613102
40.711539483299354,-74.00167873423884
40.711555769242395,-74.00161180716746
40.711572055185435,-74.0015448800961
40.711588341128476,-74.00147795302475
40.711604627071516,-74.00141102595337
40.711620913014556,-74.00134409888202
40.7116371989576,-74.00127717181066
40.71165348490064,-74.0012102447393
40.71166977084368,-74.00114331766792
40.71168605678672,-74.00107639059657
40.71170234272976,-74.00100946352521
40.7117186286728,-74.00094253645383
40.71173491461584,-74.00087560938248
40.71175120055887,-74.00080868231112
40.71176748650191,-74.00074175523974
40.71178377244495,-74.00067482816839
40.71180005838799,-74.00060790109703
40.711816344331034,-74.00054097402565
40.711832630274074,-74.0004740469543
40.711848916217114,-74.00040711988294
40.711865202160155,-74.00034019281158
40.711881488103195,-74.0002732657402
40.711897774046236,-74.00020633866885
40.711914059989276,-74.00013941159749
40.711930345932316,-74.00007248452611
40.71194663187536,-74.00000555745476
40.7119629178184,-73.9999386303834
40.71197920376144,-73.99987170331202
40.71199548970447,-73.99980477624067
40.71201177564751,-73.9997378491693
40.71202806159055,-73.99967092209793
40.71204434753359,-73.99960399502658
40.71206063347663,-73.99953706795522
40.71206623635439,-73.99951404293306
40.71206999336702,-73.99950089518634
40.71207472334072,-73.99948830954692
40.71208037901518,-73.99947641176635
40.71208690388074,-73.99946532072333
40.71209423274313,-73.99945514723589
40.71210229237475,-73.99944599295414
40.71211100224645,-73.99943794934465
40.71212027533206,-73.9994310967765
40.71213001897798,-73.99942550371831
40.71214013582891,-73.99942122605404
40.71215052480063,-73.9994183065247
40.712161082089956,-73.99941677430128
40.71217170221196,-73.99941664469324
40.712182279053884,-73.99941791899558
40.71219270693542,-73.99942058447587
40.712202881664616,-73.99942461450156
40.712212701578956,-73.99942996880593
40.71222206856109,-73.99943659389055
40.71223088901924,-73.99944442355977
40.712239074822286,-73.9994533795821
40.71224654418041,-73.99946337247196
40.712253222462245,-73.99947430238369
40.7122590429406,-73.99948606010919
40.71226394745919,-73.9994985281692
40.71226788701369,-73.99951158198697
40.71227082224136,-73.99952509113304
40.71227272381438,-73.99953892062852
40.71227357273286,-73.99955293229365
40.71227336051469,-73.99956698612853
40.7122720892803,-73.99958094171184
40.71226977173141,-73.99959465960404
40.71226658275787,-73.99960807227566
40.71226329092457,-73.99962144283538
40.712259999091266,-73.99963481339509
40.712256707257964,-73.99964818395482
40.71225341542466,-73.99966155451453
40.71225012359136,-73.99967492507426
40.712246831758065,-73.99968829563397
40.71224353992476,-73.9997016661937
40.71224024809146,-73.99971503675341
40.71223695625816,-73.99972840731313
40.71223366442486,-73.99974177787286
40.71223037259156,-73.99975514843257
40.71222708075826,-73.9997685189923
40.71222378892496,-73.99978188955201
40.71222049709166,-73.99979526011174
40.712217205258355,-73.99980863067145
40.71221391342505,-73.99982200123117
40.71221062159176,-73.9998353717909
40.712207329758456,-73.99984874235061
40.712204037925154,-73.99986211291034
40.71220074609185,-73.99987548347005
40.71219745425855,-73.99988885402978
40.712194162425256,-73.99990222458949
40.712190870591954,-73.9999155951492
40.71218757875865,-73.99992896570893
40.71218428692535,-73.99994233626865
40.71218099509205,-73.99995570682837
40.712177703258746,-73.99996907738809
40.71217441142545,-73.99998244794781
40.71217111959215,-73.99999581850753
40.71216782775885,-74.00000918906724
40.712164535925545,-74.00002255962697
40.71216124409224,-74.00003593018668
40.71215795225895,-74.00004930074641
40.71215466042565,-74.00006267130613
40.712151368592345,-74.00007604186585
40.71214807675904,-74.00008941242557
40.71214478492574,-74.00010278298528
40.71214149309244,-74.00011615354501
40.712138201259144,-74.00012952410472
40.71213490942584,-74.00014289466445
40.71213161759254,-74.00015626522416
40.71212832575924,-74.00016963578389
40.712125033925936,-74.0001830063436
40.71212174209264,-74.00019637690332
40.71211845025934,-74.00020974746305
40.71211515842604,-74.00022311802276
40.712111866592736,-74.00023648858249
40.712108574759434,-74.0002498591422
40.71210528292613,-74.00026322970193
40.71210199109284,-74.00027660026164
40.712098699259535,-74.00028997082136
40.71209540742623,-74.00030334138108
40.71209211559293,-74.0003167119408
40.71208882375963,-74.00033008250053
40.71208553192633,-74.00034345306024
40.71208224009303,-74.00035682361995
40.712078135559494,-74.0003730467527
40.712061849616454,-74.00043997382406
40.71204556367341,-74.00050690089543
40.71202927773037,-74.00057382796679
40.71201299178733,-74.00064075503815
40.71199670584429,-74.00070768210952
40.71198041990125,-74.00077460918088
40.71196413395821,-74.00084153625224
40.71194784801517,-74.00090846332361
40.71193156207213,-74.00097539039497
40.71191527612909,-74.00104231746633
40.71189899018605,-74.0011092445377
40.71188270424301,-74.00117617160906
40.71186641829997,-74.00124309868042
40.71185013235693,-74.00131002575178
40.711833846413896,-74.00137695282315
40.711817560470855,-74.00144387989451
40.711801274527815,-74.00151080696587
40.711784988584775,-74.00157773403724
40.711768702641734,-74.0016446611086
40.711752416698694,-74.00171158817996
40.711736130755654,-74.00177851525133
40.71171984481261,-74.00184544232269
40.71170355886957,-74.00191236939405
40.71168727292653,-74.00197929646542
40.71167098698349,-74.00204622353678
40.71165470104045,-74.00211315060814
40.71163841509741,-74.0021800776795
40.71162212915437,-74.00224700475087
40.71160584321133,-74.00231393182223
40.7115895572683,-74.00238085889359
40.71157327132526,-74.00244778596496
40.71155698538222,-74.00251471303632
40.711540699439176,-74.00258164010768
40.711524413496136,-74.00264856717905
40.711508127553095,-74.00271549425041
40.711491841610055,-74.00278242132177
40.711475555667015,-74.00284934839314
40.711459269723974,-74.0029162754645
40.711442983780934,-74.00298320253586
40.711426697837894,-74.00305012960722
40.71141041189485,-74.00311705667859
40.71139412595181,-74.00318398374995
40.71137784000877,-74.00325091082131
40.71136155406573,-74.00331783789268
40.7113452681227,-74.00338476496404
40.71132898217966,-74.0034516920354
40.71131269623662,-74.00351861910677
40.71129641029358,-74.00358554617813
40.71128012435054,-74.00365247324949
40.7112638384075,-74.00371940032086
40.71124755246446,-74.00378632739222
40.711231266521416,-74.00385325446358
40.711214980578376,-74.00392018153494
40.711198694635335,-74.00398710860631
40.711182408692295,-74.00405403567767
40.711166122749255,-74.00412096274903
40.711149836806214,-74.0041878898204
40.711133550863174,-74.00425481689176
40.711117264920134,-74.00432174396312
40.7111009789771,-74.00438867103449
40.71108469303406,-74.00445559810585
40.71106840709102,-74.00452252517721
40.71105212114798,-74.00458945224858
40.71103583520494,-74.00465637931994
40.7110195492619,-74.0047233063913
40.71100326331886,-74.00479023346266
40.71098697737582,-74.00485716053403
40.71097069143278,-74.00492408760539
40.71095440548974,-74.00499101467675
40.7109381195467,-74.00505794174812
40.710921833603656,-74.00512486881948
40.710905547660616,-74.00519179589084
40.710889261717575,-74.00525872296221
40.71088691096428,-74.00526838338122
40.71088384473779,-74.00528184293346
40.71088177883623,-74.00529563107587
40.71088076329091,-74.00530962330765
40.71088080824883,-74.00532367982306
40.71088191326078,-74.00533766017405
40.71088406728585,-74.00535142467356
40.71088724880174,-74.00536483579128
40.710891426019785,-74.00537775952773
40.71089655720261,-74.00539006675322
40.71090259108112,-74.00540163449801
40.71090946736681,-74.00541234718105
40.7109171173541,-74.00542209776472
40.71092546460685,-74.00543078882441
40.710934425722066,-74.00543833352195
40.71094391116324,-74.0054446564732
40.71095382615499,-74.00544969450132
40.710964071629995,-74.005453397268
40.71097454521885,-74.00545572777642
40.71098514227292,-74.00545666274093
40.710995756909945,-74.00545619281964
40.71100628307198,-74.00545432270785
40.71101661558509,-74.00545107109113
40.711026651210226,-74.00544647045852
40.71103628967473,-74.00544056677806
40.71104543467426,-74.00543341903736
40.711053994835,-74.00542509865427
40.71106188462665,-74.0054156887633
40.71106902521702,-74.005405283385
40.7110753452597,-74.00539398648645
40.71108078160691,-74.00538191094255
40.711085279940455,-74.0053691774081
40.71108879531448,-74.00535591311241
40.711091292604536,-74.0053422505879
40.71109334078944,-74.00532845533544
40.71109749361032,-74.00531089774135
40.71111377955336,-74.00524397067
40.7111300654964,-74.00517704359864
40.71114635143944,-74.00511011652726
40.71116263738248,-74.0050431894559
40.71117892332552,-74.00497626238455
40.71119520926856,-74.00490933531319
40.7112114952116,-74.00484240824181
40.71122778115463,-74.00477548117046
40.711244067097674,-74.0047085540991
40.711260353040714,-74.00464162702772
40.711276638983755,-74.00457469995636
40.711292924926795,-74.004507772885
40.711309210869835,-74.00444084581363
40.711325496812876,-74.00437391874227
40.711341782755916,-74.00430699167092
40.71135806869896,-74.00424006459954
40.711374354642,-74.00417313752818
40.71139064058504,-74.00410621045683
40.71140692652808,-74.00403928338547
40.71142321247112,-74.0039723563141
40.71143949841416,-74.00390542924274
40.7114557843572,-74.00383850217138
40.71147207030023,-74.0037715751
40.71148835624327,-74.00370464802864
40.71150464218631,-74.00363772095729
40.71152092812935,-74.00357079388591
40.71153721407239,-74.00350386681455
40.711553500015434,-74.0034369397432
40.711569785958474,-74.00337001267182
40.711586071901515,-74.00330308560046
40.711602357844555,-74.0032361585291
40.711618643787595,-74.00316923145775
40.711634929730636,-74.00310230438637
40.711651215673676,-74.00303537731502
40.711667501616716,-74.00296845024366
40.71168378755976,-74.00290152317228
40.7117000735028,-74.00283459610093
40.71171635944583,-74.00276766902957
40.71173264538887,-74.0027007419582
40.71174893133191,-74.00263381488683
40.71176521727495,-74.00256688781548
40.71178150321799,-74.0024999607441
40.71179778916103,-74.00243303367274
40.71181407510407,-74.00236610660139
40.71183036104711,-74.00229917953003
40.71184664699015,-74.00223225245865
40.711862932933194,-74.0021653253873
40.711879218876234,-74.00209839831594
40.711895504819275,-74.00203147124456
40.711911790762315,-74.0019645441732
40.711928076705355,-74.00189761710185
40.711944362648396,-74.00183069003047
40.71196064859143,-74.00176376295911
40.71197693453447,-74.00169683588776
40.71199322047751,-74.00162990881638
40.71200950642055,-74.00156298174502
40.71202579236359,-74.00149605467367
40.71204207830663,-74.00142912760231
40.71205836424967,-74.00136220053093
40.71207465019271,-74.00129527345958
40.71209003476459,-74.00123205057234
40.71209379177722,-74.00121890282563
40.712098521750924,-74.00120631718622
40.71210417742538,-74.00119441940565
40.71211070229095,-74.00118332836261
40.71211803115333,-74.00117315487518
40.712126090784956,-74.00116400059343
40.712134800656656,-74.00115595698394
40.712144073742266,-74.0011491044158
40.712153817388185,-74.0011435113576
40.712163934239115,-74.00113923369332
40.71217432321083,-74.001136314164
40.71218488050016,-74.00113478194056
40.712195500622165,-74.00113465233252
40.71220607746409,-74.00113592663486
40.71221650534562,-74.00113859211517
40.71222668007482,-74.00114262214085
40.71223649998916,-74.00114797644521
40.712245866971294,-74.00115460152983
40.71225468742944,-74.00116243119905
40.71226287323249,-74.00117138722139
40.712270342590614,-74.00118138011125
40.71227702087245,-74.00119231002297
40.712282841350806,-74.00120406774849
40.712287745869396,-74.0012165358085
40.71229168542389,-74.00122958962625
40.71229462065156,-74.00124309877233
40.712296522224584,-74.00125692826781
40.712297371143066,-74.00127093993295
40.7122971589249,-74.00128499376781
40.7122958876905,-74.00129894935112
40.71229357014161,-74.00131266724333
40.71229038244517,-74.00132608046552
40.712287092929884,-74.00133945202455
40.71228380341459,-74.00135282358357
40.7122805138993,-74.00136619514261
40.71227722438402,-74.00137956670164
40.712273934868726,-74.00139293826068
40.712270645353435,-74.00140630981971
40.712267355838144,-74.00141968137875
40.71226406632286,-74.00143305293778
40.71226077680757,-74.00144642449682
40.71225748729228,-74.00145979605584
40.71225419777699,-74.00147316761488
40.7122509082617,-74.00148653917391
40.71224761874641,-74.00149991073295
40.712244329231126,-74.00151328229198
40.712241039715835,-74.00152665385102
40.71223775020054,-74.00154002541005
40.71223446068526,-74.00155339696909
40.71223117116997,-74.00156676852812
40.71222788165468,-74.00158014008714
40.71222459213939,-74.00159351164618
40.7122213026241,-74.00160688320521
40.71221801310881,-74.00162025476425
40.712214723593526,-74.00163362632328
40.712211434078235,-74.00164699788232
40.71220814456294,-74.00166036944135
40.71220485504766,-74.00167374100039
40.71220156553237,-74.00168711255942
40.71219827601708,-74.00170048411844
40.71219498650179,-74.00171385567748
40.7121916969865,-74.00172722723651
40.71218840747121,-74.00174059879555
40.71218511795592,-74.00175397035459
40.712181828440634,-74.00176734191362
40.71217853892534,-74.00178071347266
40.71217524941005,-74.00179408503169
40.71217195989477,-74.00180745659073
40.71216867037948,-74.00182082814975
40.712165380864185,-74.00183419970878
40.7121620913489,-74.00184757126782
40.71215880183361,-74.00186094282685
40.71215551231832,-74.00187431438589
40.712152222803034,-74.00188768594492
40.71214893328774,-74.00190105750396
40.71214564377245,-74.00191442906299
40.71214235425717,-74.00192780062203
40.712139064741876,-74.00194117218105
40.712135775226585,-74.00195454374008
40.7121324857113,-74.00196791529912
40.71212919619601,-74.00198128685815
40.71212590668072,-74.00199465841719
40.712122617165434,-74.00200802997622
40.71211932765014,-74.00202140153526
40.71211603813485,-74.0020347730943
40.71211274861957,-74.00204814465332
40.712109459104276,-74.00206151621235
40.712106169588985,-74.00207488777139
40.7121019339697,-74.002091054392
40.71208564802666,-74.00215798146336
40.71206936208362,-74.00222490853471
40.71205307614058,-74.00229183560607
40.71203679019754,-74.00235876267745
40.7120205042545,-74.0024256897488
40.712004218311456,-74.00249261682016
40.711987932368416,-74.00255954389154
40.711971646425376,-74.0026264709629
40.711955360482335,-74.00269339803425
40.711939074539295,-74.00276032510563
40.711922788596254,-74.00282725217698
40.711906502653214,-74.00289417924834
40.711890216710174,-74.00296110631972
40.71187393076714,-74.00302803339108
40.7118576448241,-74.00309496046243
40.71184135888106,-74.00316188753379
40.71182507293802,-74.00322881460517
40.71180878699498,-74.00329574167652
40.71179250105194,-74.00336266874788
40.7117762151089,-74.00342959581926
40.71175992916586,-74.00349652289061
40.71174364322282,-74.00356344996197
40.71172735727978,-74.00363037703335
40.71171107133674,-74.0036973041047
40.711694785393696,-74.00376423117606
40.711678499450656,-74.00383115824744
40.711662213507616,-74.0038980853188
40.711645927564575,-74.00396501239015
40.71162964162154,-74.00403193946151
40.7116133556785,-74.00409886653289
40.71159706973546,-74.00416579360424
40.71158078379242,-74.0042327206756
40.71156449784938,-74.00429964774698
40.71154821190634,-74.00436657481833
40.7115319259633,-74.0044335018897
40.71151564002026,-74.00450042896107
40.71149935407722,-74.00456735603242
40.71148306813418,-74.00463428310378
40.71146678219114,-74.00470121017516
40.7114504962481,-74.00476813724651
40.71143421030506,-74.00483506431787
40.71141792436202,-74.00490199138923
40.71140163841898,-74.0049689184606
40.711385352475936,-74.00503584553196
40.7113690665329,-74.00510277260332
40.71135278058986,-74.0051696996747
40.71133649464682,-74.00523662674605
40.71132020870378,-74.00530355381741
